ablation,task,budget,seed,total_budget,sample_count,valid_count,null_score_count,recorded_null_rate,valid_yield_per_budget,generation_attempts,non_generation_calls,unregistered_generation_count,invalid_null_proxy_rate,run_dir
full,bi_cvrp,100,2025,100.0,10,10,0,0.0,0.1,90,10,80,0.8888888888888888,/Users/huyvan/Downloads/GenAIThesis/week7+8+9/MPaGE/mpage_bmab/experiments/results/full/bi_cvrp/B100/seed2025/20260524_152014_BICVRPEvaluation_BMAB-full
full,bi_cvrp,100,2026,100.0,11,11,0,0.0,0.11,91,9,80,0.8791208791208791,/Users/huyvan/Downloads/GenAIThesis/week7+8+9/MPaGE/mpage_bmab/experiments/results/full/bi_cvrp/B100/seed2026/20260524_154718_BICVRPEvaluation_BMAB-full
full,bi_cvrp,100,2027,100.0,10,10,0,0.0,0.1,92,8,82,0.8913043478260869,/Users/huyvan/Downloads/GenAIThesis/week7+8+9/MPaGE/mpage_bmab/experiments/results/full/bi_cvrp/B100/seed2027/20260524_162107_BICVRPEvaluation_BMAB-full
full,bi_cvrp,100,2028,100.0,9,9,0,0.0,0.09,92,8,83,0.9021739130434783,/Users/huyvan/Downloads/GenAIThesis/week7+8+9/MPaGE/mpage_bmab/experiments/results/full/bi_cvrp/B100/seed2028/20260524_165338_BICVRPEvaluation_BMAB-full
full,bi_cvrp,100,2029,100.0,13,13,0,0.0,0.13,90,10,77,0.8555555555555555,/Users/huyvan/Downloads/GenAIThesis/week7+8+9/MPaGE/mpage_bmab/experiments/results/full/bi_cvrp/B100/seed2029/20260524_172752_BICVRPEvaluation_BMAB-full
full,bi_cvrp,200,2025,200.0,17,17,0,0.0,0.085,185,15,168,0.9081081081081082,/Users/huyvan/Downloads/GenAIThesis/week7+8+9/MPaGE/mpage_bmab/experiments/results/full/bi_cvrp/B200/seed2025/20260524_185649_BICVRPEvaluation_BMAB-full
full,bi_cvrp,200,2026,200.0,15,15,0,0.0,0.075,185,15,170,0.918918918918919,/Users/huyvan/Downloads/GenAIThesis/week7+8+9/MPaGE/mpage_bmab/experiments/results/full/bi_cvrp/B200/seed2026/20260524_200556_BICVRPEvaluation_BMAB-full
full,bi_cvrp,200,2027,200.0,15,15,0,0.0,0.075,184,16,169,0.9184782608695652,/Users/huyvan/Downloads/GenAIThesis/week7+8+9/MPaGE/mpage_bmab/experiments/results/full/bi_cvrp/B200/seed2027/20260524_211313_BICVRPEvaluation_BMAB-full
full,bi_cvrp,200,2028,200.0,19,19,0,0.0,0.095,185,15,166,0.8972972972972973,/Users/huyvan/Downloads/GenAIThesis/week7+8+9/MPaGE/mpage_bmab/experiments/results/full/bi_cvrp/B200/seed2028/20260524_222033_BICVRPEvaluation_BMAB-full
full,bi_cvrp,200,2029,200.0,17,17,0,0.0,0.085,186,14,169,0.9086021505376344,/Users/huyvan/Downloads/GenAIThesis/week7+8+9/MPaGE/mpage_bmab/experiments/results/full/bi_cvrp/B200/seed2029/20260524_234719_BICVRPEvaluation_BMAB-full
full,bi_cvrp,25,2025,25.0,4,4,0,0.0,0.16,21,4,17,0.8095238095238095,/Users/huyvan/Downloads/GenAIThesis/week7+8+9/MPaGE/mpage_bmab/experiments/results/full/bi_cvrp/B25/seed2025/20260524_125349_BICVRPEvaluation_BMAB-full
full,bi_cvrp,25,2026,25.0,4,4,0,0.0,0.16,23,2,19,0.8260869565217391,/Users/huyvan/Downloads/GenAIThesis/week7+8+9/MPaGE/mpage_bmab/experiments/results/full/bi_cvrp/B25/seed2026/20260524_130155_BICVRPEvaluation_BMAB-full
full,bi_cvrp,25,2027,25.0,5,5,0,0.0,0.2,21,4,16,0.7619047619047619,/Users/huyvan/Downloads/GenAIThesis/week7+8+9/MPaGE/mpage_bmab/experiments/results/full/bi_cvrp/B25/seed2027/20260524_130924_BICVRPEvaluation_BMAB-full
full,bi_cvrp,25,2028,25.0,5,5,0,0.0,0.2,24,1,19,0.7916666666666666,/Users/huyvan/Downloads/GenAIThesis/week7+8+9/MPaGE/mpage_bmab/experiments/results/full/bi_cvrp/B25/seed2028/20260524_132031_BICVRPEvaluation_BMAB-full
full,bi_cvrp,25,2029,25.0,4,4,0,0.0,0.16,23,2,19,0.8260869565217391,/Users/huyvan/Downloads/GenAIThesis/week7+8+9/MPaGE/mpage_bmab/experiments/results/full/bi_cvrp/B25/seed2029/20260524_133123_BICVRPEvaluation_BMAB-full
full,bi_cvrp,50,2025,50.0,8,8,0,0.0,0.16,46,4,38,0.8260869565217391,/Users/huyvan/Downloads/GenAIThesis/week7+8+9/MPaGE/mpage_bmab/experiments/results/full/bi_cvrp/B50/seed2025/20260524_134234_BICVRPEvaluation_BMAB-full
full,bi_cvrp,50,2026,50.0,7,7,0,0.0,0.14,46,4,39,0.8478260869565217,/Users/huyvan/Downloads/GenAIThesis/week7+8+9/MPaGE/mpage_bmab/experiments/results/full/bi_cvrp/B50/seed2026/20260524_140720_BICVRPEvaluation_BMAB-full
full,bi_cvrp,50,2027,50.0,7,7,0,0.0,0.14,46,4,39,0.8478260869565217,/Users/huyvan/Downloads/GenAIThesis/week7+8+9/MPaGE/mpage_bmab/experiments/results/full/bi_cvrp/B50/seed2027/20260524_142659_BICVRPEvaluation_BMAB-full
full,bi_cvrp,50,2028,50.0,8,8,0,0.0,0.16,46,4,38,0.8260869565217391,/Users/huyvan/Downloads/GenAIThesis/week7+8+9/MPaGE/mpage_bmab/experiments/results/full/bi_cvrp/B50/seed2028/20260524_144333_BICVRPEvaluation_BMAB-full
full,bi_cvrp,50,2029,50.0,6,6,0,0.0,0.12,46,4,40,0.8695652173913043,/Users/huyvan/Downloads/GenAIThesis/week7+8+9/MPaGE/mpage_bmab/experiments/results/full/bi_cvrp/B50/seed2029/20260524_150304_BICVRPEvaluation_BMAB-full
full,bi_kp,100,2025,100.0,18,18,0,0.0,0.18,90,10,72,0.8,/Users/huyvan/Downloads/GenAIThesis/week7+8+9/MPaGE/mpage_bmab/experiments/results/full/bi_kp/B100/seed2025/20260525_024659_BIKPEvaluation_BMAB-full
full,bi_kp,100,2026,100.0,12,12,0,0.0,0.12,90,10,78,0.8666666666666667,/Users/huyvan/Downloads/GenAIThesis/week7+8+9/MPaGE/mpage_bmab/experiments/results/full/bi_kp/B100/seed2026/20260525_031126_BIKPEvaluation_BMAB-full
full,bi_kp,100,2027,100.0,11,11,0,0.0,0.11,91,9,80,0.8791208791208791,/Users/huyvan/Downloads/GenAIThesis/week7+8+9/MPaGE/mpage_bmab/experiments/results/full/bi_kp/B100/seed2027/20260525_033820_BIKPEvaluation_BMAB-full
full,bi_kp,100,2028,100.0,15,15,0,0.0,0.15,90,10,75,0.8333333333333334,/Users/huyvan/Downloads/GenAIThesis/week7+8+9/MPaGE/mpage_bmab/experiments/results/full/bi_kp/B100/seed2028/20260525_040204_BIKPEvaluation_BMAB-full
full,bi_kp,100,2029,100.0,15,15,0,0.0,0.15,90,10,75,0.8333333333333334,/Users/huyvan/Downloads/GenAIThesis/week7+8+9/MPaGE/mpage_bmab/experiments/results/full/bi_kp/B100/seed2029/20260525_042614_BIKPEvaluation_BMAB-full
full,bi_kp,200,2025,200.0,26,26,0,0.0,0.13,184,16,158,0.8586956521739131,/Users/huyvan/Downloads/GenAIThesis/week7+8+9/MPaGE/mpage_bmab/experiments/results/full/bi_kp/B200/seed2025/20260525_045401_BIKPEvaluation_BMAB-full
full,bi_kp,200,2026,200.0,20,20,0,0.0,0.1,184,16,164,0.8913043478260869,/Users/huyvan/Downloads/GenAIThesis/week7+8+9/MPaGE/mpage_bmab/experiments/results/full/bi_kp/B200/seed2026/20260525_054652_BIKPEvaluation_BMAB-full
full,bi_kp,200,2027,200.0,37,37,0,0.0,0.185,183,17,146,0.7978142076502732,/Users/huyvan/Downloads/GenAIThesis/week7+8+9/MPaGE/mpage_bmab/experiments/results/full/bi_kp/B200/seed2027/20260525_064128_BIKPEvaluation_BMAB-full
full,bi_kp,200,2028,200.0,24,24,0,0.0,0.12,183,17,159,0.8688524590163934,/Users/huyvan/Downloads/GenAIThesis/week7+8+9/MPaGE/mpage_bmab/experiments/results/full/bi_kp/B200/seed2028/20260525_074442_BIKPEvaluation_BMAB-full
full,bi_kp,200,2029,200.0,28,28,0,0.0,0.14,183,17,155,0.8469945355191257,/Users/huyvan/Downloads/GenAIThesis/week7+8+9/MPaGE/mpage_bmab/experiments/results/full/bi_kp/B200/seed2029/20260525_225904_BIKPEvaluation_BMAB-full
full,bi_kp,25,2025,25.0,7,7,0,0.0,0.28,21,4,14,0.6666666666666666,/Users/huyvan/Downloads/GenAIThesis/week7+8+9/MPaGE/mpage_bmab/experiments/results/full/bi_kp/B25/seed2025/20260525_010054_BIKPEvaluation_BMAB-full
full,bi_kp,25,2026,25.0,4,4,0,0.0,0.16,21,4,17,0.8095238095238095,/Users/huyvan/Downloads/GenAIThesis/week7+8+9/MPaGE/mpage_bmab/experiments/results/full/bi_kp/B25/seed2026/20260525_010921_BIKPEvaluation_BMAB-full
full,bi_kp,25,2027,25.0,6,6,0,0.0,0.24,21,4,15,0.7142857142857143,/Users/huyvan/Downloads/GenAIThesis/week7+8+9/MPaGE/mpage_bmab/experiments/results/full/bi_kp/B25/seed2027/20260525_011535_BIKPEvaluation_BMAB-full
full,bi_kp,25,2028,25.0,5,5,0,0.0,0.2,21,4,16,0.7619047619047619,/Users/huyvan/Downloads/GenAIThesis/week7+8+9/MPaGE/mpage_bmab/experiments/results/full/bi_kp/B25/seed2028/20260525_012333_BIKPEvaluation_BMAB-full
full,bi_kp,25,2029,25.0,4,4,0,0.0,0.16,22,3,18,0.8181818181818182,/Users/huyvan/Downloads/GenAIThesis/week7+8+9/MPaGE/mpage_bmab/experiments/results/full/bi_kp/B25/seed2029/20260525_012932_BIKPEvaluation_BMAB-full
full,bi_kp,50,2025,50.0,9,9,0,0.0,0.18,44,6,35,0.7954545454545454,/Users/huyvan/Downloads/GenAIThesis/week7+8+9/MPaGE/mpage_bmab/experiments/results/full/bi_kp/B50/seed2025/20260525_013813_BIKPEvaluation_BMAB-full
full,bi_kp,50,2026,50.0,9,9,0,0.0,0.18,45,5,36,0.8,/Users/huyvan/Downloads/GenAIThesis/week7+8+9/MPaGE/mpage_bmab/experiments/results/full/bi_kp/B50/seed2026/20260525_014927_BIKPEvaluation_BMAB-full
full,bi_kp,50,2027,50.0,8,8,0,0.0,0.16,44,6,36,0.8181818181818182,/Users/huyvan/Downloads/GenAIThesis/week7+8+9/MPaGE/mpage_bmab/experiments/results/full/bi_kp/B50/seed2027/20260525_020836_BIKPEvaluation_BMAB-full
full,bi_kp,50,2028,50.0,7,7,0,0.0,0.14,44,6,37,0.8409090909090909,/Users/huyvan/Downloads/GenAIThesis/week7+8+9/MPaGE/mpage_bmab/experiments/results/full/bi_kp/B50/seed2028/20260525_022007_BIKPEvaluation_BMAB-full
full,bi_kp,50,2029,50.0,7,7,0,0.0,0.14,44,6,37,0.8409090909090909,/Users/huyvan/Downloads/GenAIThesis/week7+8+9/MPaGE/mpage_bmab/experiments/results/full/bi_kp/B50/seed2029/20260525_022944_BIKPEvaluation_BMAB-full
full,bi_tsp,100,2025,100.0,20,20,0,0.0,0.2,90,10,70,0.7777777777777778,/Users/huyvan/Downloads/GenAIThesis/week7+8+9/MPaGE/mpage_bmab/experiments/results/full/bi_tsp/B100/seed2025/20260524_001519_BITSPEvaluation_BMAB-full
full,bi_tsp,100,2026,100.0,24,24,0,0.0,0.24,90,10,66,0.7333333333333333,/Users/huyvan/Downloads/GenAIThesis/week7+8+9/MPaGE/mpage_bmab/experiments/results/full/bi_tsp/B100/seed2026/20260524_003243_BITSPEvaluation_BMAB-full
full,bi_tsp,100,2027,100.0,17,17,0,0.0,0.17,90,10,73,0.8111111111111111,/Users/huyvan/Downloads/GenAIThesis/week7+8+9/MPaGE/mpage_bmab/experiments/results/full/bi_tsp/B100/seed2027/20260524_004756_BITSPEvaluation_BMAB-full
full,bi_tsp,100,2028,100.0,26,26,0,0.0,0.26,90,10,64,0.7111111111111111,/Users/huyvan/Downloads/GenAIThesis/week7+8+9/MPaGE/mpage_bmab/experiments/results/full/bi_tsp/B100/seed2028/20260524_010431_BITSPEvaluation_BMAB-full
full,bi_tsp,100,2029,100.0,16,16,0,0.0,0.16,91,9,75,0.8241758241758241,/Users/huyvan/Downloads/GenAIThesis/week7+8+9/MPaGE/mpage_bmab/experiments/results/full/bi_tsp/B100/seed2029/20260524_011928_BITSPEvaluation_BMAB-full
full,bi_tsp,200,2025,200.0,44,44,0,0.0,0.22,183,17,139,0.7595628415300546,/Users/huyvan/Downloads/GenAIThesis/week7+8+9/MPaGE/mpage_bmab/experiments/results/full/bi_tsp/B200/seed2025/20260524_013317_BITSPEvaluation_BMAB-full
full,bi_tsp,200,2026,200.0,32,32,0,0.0,0.16,183,17,151,0.825136612021858,/Users/huyvan/Downloads/GenAIThesis/week7+8+9/MPaGE/mpage_bmab/experiments/results/full/bi_tsp/B200/seed2026/20260524_015856_BITSPEvaluation_BMAB-full
full,bi_tsp,200,2027,200.0,36,36,0,0.0,0.18,183,17,147,0.8032786885245902,/Users/huyvan/Downloads/GenAIThesis/week7+8+9/MPaGE/mpage_bmab/experiments/results/full/bi_tsp/B200/seed2027/20260524_022430_BITSPEvaluation_BMAB-full
full,bi_tsp,200,2028,200.0,28,28,0,0.0,0.14,184,16,156,0.8478260869565217,/Users/huyvan/Downloads/GenAIThesis/week7+8+9/MPaGE/mpage_bmab/experiments/results/full/bi_tsp/B200/seed2028/20260524_025018_BITSPEvaluation_BMAB-full
full,bi_tsp,200,2029,200.0,46,46,0,0.0,0.23,183,17,137,0.7486338797814208,/Users/huyvan/Downloads/GenAIThesis/week7+8+9/MPaGE/mpage_bmab/experiments/results/full/bi_tsp/B200/seed2029/20260524_183254_BITSPEvaluation_BMAB-full
full,bi_tsp,25,2025,25.0,7,7,0,0.0,0.28,21,4,14,0.6666666666666666,/Users/huyvan/Downloads/GenAIThesis/week7+8+9/MPaGE/mpage_bmab/experiments/results/full/bi_tsp/B25/seed2025/20260523_231931_BITSPEvaluation_BMAB-full
full,bi_tsp,25,2026,25.0,8,8,0,0.0,0.32,21,4,13,0.6190476190476191,/Users/huyvan/Downloads/GenAIThesis/week7+8+9/MPaGE/mpage_bmab/experiments/results/full/bi_tsp/B25/seed2026/20260523_232300_BITSPEvaluation_BMAB-full
full,bi_tsp,25,2027,25.0,4,4,0,0.0,0.16,21,4,17,0.8095238095238095,/Users/huyvan/Downloads/GenAIThesis/week7+8+9/MPaGE/mpage_bmab/experiments/results/full/bi_tsp/B25/seed2027/20260523_232643_BITSPEvaluation_BMAB-full
full,bi_tsp,25,2028,25.0,9,9,0,0.0,0.36,21,4,12,0.5714285714285714,/Users/huyvan/Downloads/GenAIThesis/week7+8+9/MPaGE/mpage_bmab/experiments/results/full/bi_tsp/B25/seed2028/20260523_232947_BITSPEvaluation_BMAB-full
full,bi_tsp,25,2029,25.0,7,7,0,0.0,0.28,21,4,14,0.6666666666666666,/Users/huyvan/Downloads/GenAIThesis/week7+8+9/MPaGE/mpage_bmab/experiments/results/full/bi_tsp/B25/seed2029/20260523_233310_BITSPEvaluation_BMAB-full
full,bi_tsp,50,2025,50.0,13,13,0,0.0,0.26,44,6,31,0.7045454545454546,/Users/huyvan/Downloads/GenAIThesis/week7+8+9/MPaGE/mpage_bmab/experiments/results/full/bi_tsp/B50/seed2025/20260523_233626_BITSPEvaluation_BMAB-full
full,bi_tsp,50,2026,50.0,13,13,0,0.0,0.26,44,6,31,0.7045454545454546,/Users/huyvan/Downloads/GenAIThesis/week7+8+9/MPaGE/mpage_bmab/experiments/results/full/bi_tsp/B50/seed2026/20260523_234359_BITSPEvaluation_BMAB-full
full,bi_tsp,50,2027,50.0,13,13,0,0.0,0.26,44,6,31,0.7045454545454546,/Users/huyvan/Downloads/GenAIThesis/week7+8+9/MPaGE/mpage_bmab/experiments/results/full/bi_tsp/B50/seed2027/20260523_235043_BITSPEvaluation_BMAB-full
full,bi_tsp,50,2028,50.0,15,15,0,0.0,0.3,44,6,29,0.6590909090909091,/Users/huyvan/Downloads/GenAIThesis/week7+8+9/MPaGE/mpage_bmab/experiments/results/full/bi_tsp/B50/seed2028/20260523_235714_BITSPEvaluation_BMAB-full
full,bi_tsp,50,2029,50.0,9,9,0,0.0,0.18,44,6,35,0.7954545454545454,/Users/huyvan/Downloads/GenAIThesis/week7+8+9/MPaGE/mpage_bmab/experiments/results/full/bi_tsp/B50/seed2029/20260524_000646_BITSPEvaluation_BMAB-full
full,tri_tsp,100,2025,100.0,15,15,0,0.0,0.15,92,8,77,0.8369565217391305,/Users/huyvan/Downloads/GenAIThesis/week7+8+9/MPaGE/mpage_bmab/experiments/results/full/tri_tsp/B100/seed2025/20260524_062100_TRITSPEvaluation_BMAB-full
full,tri_tsp,100,2026,100.0,14,14,0,0.0,0.14,93,7,79,0.8494623655913979,/Users/huyvan/Downloads/GenAIThesis/week7+8+9/MPaGE/mpage_bmab/experiments/results/full/tri_tsp/B100/seed2026/20260524_065448_TRITSPEvaluation_BMAB-full
full,tri_tsp,100,2027,100.0,12,12,0,0.0,0.12,92,8,80,0.8695652173913043,/Users/huyvan/Downloads/GenAIThesis/week7+8+9/MPaGE/mpage_bmab/experiments/results/full/tri_tsp/B100/seed2027/20260524_073104_TRITSPEvaluation_BMAB-full
full,tri_tsp,100,2028,100.0,11,11,0,0.0,0.11,93,7,82,0.8817204301075269,/Users/huyvan/Downloads/GenAIThesis/week7+8+9/MPaGE/mpage_bmab/experiments/results/full/tri_tsp/B100/seed2028/20260524_075945_TRITSPEvaluation_BMAB-full
full,tri_tsp,100,2029,100.0,14,14,0,0.0,0.14,92,8,78,0.8478260869565217,/Users/huyvan/Downloads/GenAIThesis/week7+8+9/MPaGE/mpage_bmab/experiments/results/full/tri_tsp/B100/seed2029/20260524_082723_TRITSPEvaluation_BMAB-full
full,tri_tsp,200,2025,200.0,17,17,0,0.0,0.085,186,14,169,0.9086021505376344,/Users/huyvan/Downloads/GenAIThesis/week7+8+9/MPaGE/mpage_bmab/experiments/results/full/tri_tsp/B200/seed2025/20260524_090126_TRITSPEvaluation_BMAB-full
full,tri_tsp,200,2026,200.0,18,18,0,0.0,0.09,186,14,168,0.9032258064516129,/Users/huyvan/Downloads/GenAIThesis/week7+8+9/MPaGE/mpage_bmab/experiments/results/full/tri_tsp/B200/seed2026/20260524_095222_TRITSPEvaluation_BMAB-full
full,tri_tsp,200,2027,200.0,19,19,0,0.0,0.095,186,14,167,0.8978494623655914,/Users/huyvan/Downloads/GenAIThesis/week7+8+9/MPaGE/mpage_bmab/experiments/results/full/tri_tsp/B200/seed2027/20260524_103945_TRITSPEvaluation_BMAB-full
full,tri_tsp,200,2028,200.0,17,17,0,0.0,0.085,186,14,169,0.9086021505376344,/Users/huyvan/Downloads/GenAIThesis/week7+8+9/MPaGE/mpage_bmab/experiments/results/full/tri_tsp/B200/seed2028/20260524_112453_TRITSPEvaluation_BMAB-full
full,tri_tsp,200,2029,200.0,19,19,0,0.0,0.095,186,14,167,0.8978494623655914,/Users/huyvan/Downloads/GenAIThesis/week7+8+9/MPaGE/mpage_bmab/experiments/results/full/tri_tsp/B200/seed2029/20260524_121235_TRITSPEvaluation_BMAB-full
full,tri_tsp,25,2025,25.0,7,7,0,0.0,0.28,23,2,16,0.6956521739130435,/Users/huyvan/Downloads/GenAIThesis/week7+8+9/MPaGE/mpage_bmab/experiments/results/full/tri_tsp/B25/seed2025/20260524_032652_TRITSPEvaluation_BMAB-full
full,tri_tsp,25,2026,25.0,8,8,0,0.0,0.32,23,2,15,0.6521739130434783,/Users/huyvan/Downloads/GenAIThesis/week7+8+9/MPaGE/mpage_bmab/experiments/results/full/tri_tsp/B25/seed2026/20260524_034111_TRITSPEvaluation_BMAB-full
full,tri_tsp,25,2027,25.0,5,5,0,0.0,0.2,25,0,20,0.8,/Users/huyvan/Downloads/GenAIThesis/week7+8+9/MPaGE/mpage_bmab/experiments/results/full/tri_tsp/B25/seed2027/20260524_035644_TRITSPEvaluation_BMAB-full
full,tri_tsp,25,2028,25.0,6,6,0,0.0,0.24,24,1,18,0.75,/Users/huyvan/Downloads/GenAIThesis/week7+8+9/MPaGE/mpage_bmab/experiments/results/full/tri_tsp/B25/seed2028/20260524_041723_TRITSPEvaluation_BMAB-full
full,tri_tsp,25,2029,25.0,7,7,0,0.0,0.28,23,2,16,0.6956521739130435,/Users/huyvan/Downloads/GenAIThesis/week7+8+9/MPaGE/mpage_bmab/experiments/results/full/tri_tsp/B25/seed2029/20260524_043222_TRITSPEvaluation_BMAB-full
full,tri_tsp,50,2025,50.0,11,11,0,0.0,0.22,45,5,34,0.7555555555555555,/Users/huyvan/Downloads/GenAIThesis/week7+8+9/MPaGE/mpage_bmab/experiments/results/full/tri_tsp/B50/seed2025/20260524_044749_TRITSPEvaluation_BMAB-full
full,tri_tsp,50,2026,50.0,8,8,0,0.0,0.16,46,4,38,0.8260869565217391,/Users/huyvan/Downloads/GenAIThesis/week7+8+9/MPaGE/mpage_bmab/experiments/results/full/tri_tsp/B50/seed2026/20260524_050653_TRITSPEvaluation_BMAB-full
full,tri_tsp,50,2027,50.0,8,8,0,0.0,0.16,47,3,39,0.8297872340425532,/Users/huyvan/Downloads/GenAIThesis/week7+8+9/MPaGE/mpage_bmab/experiments/results/full/tri_tsp/B50/seed2027/20260524_052430_TRITSPEvaluation_BMAB-full
full,tri_tsp,50,2028,50.0,9,9,0,0.0,0.18,47,3,38,0.8085106382978723,/Users/huyvan/Downloads/GenAIThesis/week7+8+9/MPaGE/mpage_bmab/experiments/results/full/tri_tsp/B50/seed2028/20260524_053855_TRITSPEvaluation_BMAB-full
full,tri_tsp,50,2029,50.0,10,10,0,0.0,0.2,47,3,37,0.7872340425531915,/Users/huyvan/Downloads/GenAIThesis/week7+8+9/MPaGE/mpage_bmab/experiments/results/full/tri_tsp/B50/seed2029/20260524_055540_TRITSPEvaluation_BMAB-full
mpage_orig,bi_cvrp,100,2025,100.0,26,12,14,0.5384615384615384,0.12,,,,0.5384615384615384,/Users/huyvan/Downloads/GenAIThesis/week7+8+9/MPaGE/mpage_bmab/experiments/results/mpage_orig/bi_cvrp/B100/seed2025/20260526_151907_BICVRPEvaluation_MPaGE-orig
mpage_orig,bi_cvrp,100,2026,100.0,20,8,12,0.6,0.08,,,,0.6,/Users/huyvan/Downloads/GenAIThesis/week7+8+9/MPaGE/mpage_bmab/experiments/results/mpage_orig/bi_cvrp/B100/seed2026/20260526_154806_BICVRPEvaluation_MPaGE-orig
mpage_orig,bi_cvrp,100,2027,100.0,23,10,13,0.5652173913043478,0.1,,,,0.5652173913043478,/Users/huyvan/Downloads/GenAIThesis/week7+8+9/MPaGE/mpage_bmab/experiments/results/mpage_orig/bi_cvrp/B100/seed2027/20260526_161425_BICVRPEvaluation_MPaGE-orig
mpage_orig,bi_cvrp,100,2028,100.0,24,12,12,0.5,0.12,,,,0.5,/Users/huyvan/Downloads/GenAIThesis/week7+8+9/MPaGE/mpage_bmab/experiments/results/mpage_orig/bi_cvrp/B100/seed2028/20260526_164006_BICVRPEvaluation_MPaGE-orig
mpage_orig,bi_cvrp,100,2029,100.0,26,15,11,0.4230769230769231,0.15,,,,0.4230769230769231,/Users/huyvan/Downloads/GenAIThesis/week7+8+9/MPaGE/mpage_bmab/experiments/results/mpage_orig/bi_cvrp/B100/seed2029/20260526_170422_BICVRPEvaluation_MPaGE-orig
mpage_orig,bi_cvrp,200,2025,200.0,39,17,22,0.5641025641025641,0.085,,,,0.5641025641025641,/Users/huyvan/Downloads/GenAIThesis/week7+8+9/MPaGE/mpage_bmab/experiments/results/mpage_orig/bi_cvrp/B200/seed2025/20260526_173514_BICVRPEvaluation_MPaGE-orig
mpage_orig,bi_cvrp,200,2026,200.0,33,17,16,0.48484848484848486,0.085,,,,0.48484848484848486,/Users/huyvan/Downloads/GenAIThesis/week7+8+9/MPaGE/mpage_bmab/experiments/results/mpage_orig/bi_cvrp/B200/seed2026/20260526_183211_BICVRPEvaluation_MPaGE-orig
mpage_orig,bi_cvrp,200,2027,200.0,33,21,12,0.36363636363636365,0.105,,,,0.36363636363636365,/Users/huyvan/Downloads/GenAIThesis/week7+8+9/MPaGE/mpage_bmab/experiments/results/mpage_orig/bi_cvrp/B200/seed2027/20260526_191542_BICVRPEvaluation_MPaGE-orig
mpage_orig,bi_cvrp,200,2028,200.0,31,14,17,0.5483870967741935,0.07,,,,0.5483870967741935,/Users/huyvan/Downloads/GenAIThesis/week7+8+9/MPaGE/mpage_bmab/experiments/results/mpage_orig/bi_cvrp/B200/seed2028/20260526_200049_BICVRPEvaluation_MPaGE-orig
mpage_orig,bi_cvrp,200,2029,200.0,31,17,14,0.45161290322580644,0.085,,,,0.45161290322580644,/Users/huyvan/Downloads/GenAIThesis/week7+8+9/MPaGE/mpage_bmab/experiments/results/mpage_orig/bi_cvrp/B200/seed2029/20260526_205018_BICVRPEvaluation_MPaGE-orig
mpage_orig,bi_cvrp,25,2025,25.0,10,6,4,0.4,0.24,,,,0.4,/Users/huyvan/Downloads/GenAIThesis/week7+8+9/MPaGE/mpage_bmab/experiments/results/mpage_orig/bi_cvrp/B25/seed2025/20260526_131017_BICVRPEvaluation_MPaGE-orig
mpage_orig,bi_cvrp,25,2026,25.0,9,7,2,0.2222222222222222,0.28,,,,0.2222222222222222,/Users/huyvan/Downloads/GenAIThesis/week7+8+9/MPaGE/mpage_bmab/experiments/results/mpage_orig/bi_cvrp/B25/seed2026/20260526_131910_BICVRPEvaluation_MPaGE-orig
mpage_orig,bi_cvrp,25,2027,25.0,7,4,3,0.42857142857142855,0.16,,,,0.42857142857142855,/Users/huyvan/Downloads/GenAIThesis/week7+8+9/MPaGE/mpage_bmab/experiments/results/mpage_orig/bi_cvrp/B25/seed2027/20260526_132610_BICVRPEvaluation_MPaGE-orig
mpage_orig,bi_cvrp,25,2028,25.0,5,4,1,0.2,0.16,,,,0.2,/Users/huyvan/Downloads/GenAIThesis/week7+8+9/MPaGE/mpage_bmab/experiments/results/mpage_orig/bi_cvrp/B25/seed2028/20260526_133327_BICVRPEvaluation_MPaGE-orig
mpage_orig,bi_cvrp,25,2029,25.0,8,5,3,0.375,0.2,,,,0.375,/Users/huyvan/Downloads/GenAIThesis/week7+8+9/MPaGE/mpage_bmab/experiments/results/mpage_orig/bi_cvrp/B25/seed2029/20260526_134202_BICVRPEvaluation_MPaGE-orig
mpage_orig,bi_cvrp,50,2025,50.0,11,7,4,0.36363636363636365,0.14,,,,0.36363636363636365,/Users/huyvan/Downloads/GenAIThesis/week7+8+9/MPaGE/mpage_bmab/experiments/results/mpage_orig/bi_cvrp/B50/seed2025/20260526_134909_BICVRPEvaluation_MPaGE-orig
mpage_orig,bi_cvrp,50,2026,50.0,19,9,10,0.5263157894736842,0.18,,,,0.5263157894736842,/Users/huyvan/Downloads/GenAIThesis/week7+8+9/MPaGE/mpage_bmab/experiments/results/mpage_orig/bi_cvrp/B50/seed2026/20260526_140317_BICVRPEvaluation_MPaGE-orig
mpage_orig,bi_cvrp,50,2027,50.0,15,7,8,0.5333333333333333,0.14,,,,0.5333333333333333,/Users/huyvan/Downloads/GenAIThesis/week7+8+9/MPaGE/mpage_bmab/experiments/results/mpage_orig/bi_cvrp/B50/seed2027/20260526_142333_BICVRPEvaluation_MPaGE-orig
mpage_orig,bi_cvrp,50,2028,50.0,22,7,15,0.6818181818181818,0.14,,,,0.6818181818181818,/Users/huyvan/Downloads/GenAIThesis/week7+8+9/MPaGE/mpage_bmab/experiments/results/mpage_orig/bi_cvrp/B50/seed2028/20260526_143839_BICVRPEvaluation_MPaGE-orig
mpage_orig,bi_cvrp,50,2029,50.0,14,8,6,0.42857142857142855,0.16,,,,0.42857142857142855,/Users/huyvan/Downloads/GenAIThesis/week7+8+9/MPaGE/mpage_bmab/experiments/results/mpage_orig/bi_cvrp/B50/seed2029/20260526_150044_BICVRPEvaluation_MPaGE-orig
mpage_orig,bi_kp,100,2025,100.0,13,10,3,0.23076923076923078,0.1,,,,0.23076923076923078,/Users/huyvan/Downloads/GenAIThesis/week7+8+9/MPaGE/mpage_bmab/experiments/results/mpage_orig/bi_kp/B100/seed2025/20260527_114230_BIKPEvaluation_MPaGE-orig
mpage_orig,bi_kp,100,2026,100.0,22,13,9,0.4090909090909091,0.13,,,,0.4090909090909091,/Users/huyvan/Downloads/GenAIThesis/week7+8+9/MPaGE/mpage_bmab/experiments/results/mpage_orig/bi_kp/B100/seed2026/20260527_120458_BIKPEvaluation_MPaGE-orig
mpage_orig,bi_kp,100,2027,100.0,15,13,2,0.13333333333333333,0.13,,,,0.13333333333333333,/Users/huyvan/Downloads/GenAIThesis/week7+8+9/MPaGE/mpage_bmab/experiments/results/mpage_orig/bi_kp/B100/seed2027/20260527_123302_BIKPEvaluation_MPaGE-orig
mpage_orig,bi_kp,100,2028,100.0,18,13,5,0.2777777777777778,0.13,,,,0.2777777777777778,/Users/huyvan/Downloads/GenAIThesis/week7+8+9/MPaGE/mpage_bmab/experiments/results/mpage_orig/bi_kp/B100/seed2028/20260527_125308_BIKPEvaluation_MPaGE-orig
mpage_orig,bi_kp,100,2029,100.0,16,9,7,0.4375,0.09,,,,0.4375,/Users/huyvan/Downloads/GenAIThesis/week7+8+9/MPaGE/mpage_bmab/experiments/results/mpage_orig/bi_kp/B100/seed2029/20260527_131422_BIKPEvaluation_MPaGE-orig
mpage_orig,bi_kp,200,2025,200.0,37,21,16,0.43243243243243246,0.105,,,,0.43243243243243246,/Users/huyvan/Downloads/GenAIThesis/week7+8+9/MPaGE/mpage_bmab/experiments/results/mpage_orig/bi_kp/B200/seed2025/20260527_133708_BIKPEvaluation_MPaGE-orig
mpage_orig,bi_kp,200,2026,200.0,19,12,7,0.3684210526315789,0.06,,,,0.3684210526315789,/Users/huyvan/Downloads/GenAIThesis/week7+8+9/MPaGE/mpage_bmab/experiments/results/mpage_orig/bi_kp/B200/seed2026/20260527_144525_BIKPEvaluation_MPaGE-orig
mpage_orig,bi_kp,200,2027,200.0,36,22,14,0.3888888888888889,0.11,,,,0.3888888888888889,/Users/huyvan/Downloads/GenAIThesis/week7+8+9/MPaGE/mpage_bmab/experiments/results/mpage_orig/bi_kp/B200/seed2027/20260527_152334_BIKPEvaluation_MPaGE-orig
mpage_orig,bi_kp,200,2028,200.0,29,16,13,0.4482758620689655,0.08,,,,0.4482758620689655,/Users/huyvan/Downloads/GenAIThesis/week7+8+9/MPaGE/mpage_bmab/experiments/results/mpage_orig/bi_kp/B200/seed2028/20260527_161247_BIKPEvaluation_MPaGE-orig
mpage_orig,bi_kp,200,2029,200.0,37,17,20,0.5405405405405406,0.085,,,,0.5405405405405406,/Users/huyvan/Downloads/GenAIThesis/week7+8+9/MPaGE/mpage_bmab/experiments/results/mpage_orig/bi_kp/B200/seed2029/20260527_170735_BIKPEvaluation_MPaGE-orig
mpage_orig,bi_kp,25,2025,25.0,9,4,5,0.5555555555555556,0.16,,,,0.5555555555555556,/Users/huyvan/Downloads/GenAIThesis/week7+8+9/MPaGE/mpage_bmab/experiments/results/mpage_orig/bi_kp/B25/seed2025/20260526_212958_BIKPEvaluation_MPaGE-orig
mpage_orig,bi_kp,25,2026,25.0,8,5,3,0.375,0.2,,,,0.375,/Users/huyvan/Downloads/GenAIThesis/week7+8+9/MPaGE/mpage_bmab/experiments/results/mpage_orig/bi_kp/B25/seed2026/20260526_214030_BIKPEvaluation_MPaGE-orig
mpage_orig,bi_kp,25,2027,25.0,13,6,7,0.5384615384615384,0.24,,,,0.5384615384615384,/Users/huyvan/Downloads/GenAIThesis/week7+8+9/MPaGE/mpage_bmab/experiments/results/mpage_orig/bi_kp/B25/seed2027/20260526_215117_BIKPEvaluation_MPaGE-orig
mpage_orig,bi_kp,25,2028,25.0,6,5,1,0.16666666666666666,0.2,,,,0.16666666666666666,/Users/huyvan/Downloads/GenAIThesis/week7+8+9/MPaGE/mpage_bmab/experiments/results/mpage_orig/bi_kp/B25/seed2028/20260527_004052_BIKPEvaluation_MPaGE-orig
mpage_orig,bi_kp,25,2029,25.0,6,4,2,0.3333333333333333,0.16,,,,0.3333333333333333,/Users/huyvan/Downloads/GenAIThesis/week7+8+9/MPaGE/mpage_bmab/experiments/results/mpage_orig/bi_kp/B25/seed2029/20260527_004832_BIKPEvaluation_MPaGE-orig
mpage_orig,bi_kp,50,2025,50.0,11,8,3,0.2727272727272727,0.16,,,,0.2727272727272727,/Users/huyvan/Downloads/GenAIThesis/week7+8+9/MPaGE/mpage_bmab/experiments/results/mpage_orig/bi_kp/B50/seed2025/20260527_005803_BIKPEvaluation_MPaGE-orig
mpage_orig,bi_kp,50,2026,50.0,10,9,1,0.1,0.18,,,,0.1,/Users/huyvan/Downloads/GenAIThesis/week7+8+9/MPaGE/mpage_bmab/experiments/results/mpage_orig/bi_kp/B50/seed2026/20260527_010918_BIKPEvaluation_MPaGE-orig
mpage_orig,bi_kp,50,2027,50.0,11,8,3,0.2727272727272727,0.16,,,,0.2727272727272727,/Users/huyvan/Downloads/GenAIThesis/week7+8+9/MPaGE/mpage_bmab/experiments/results/mpage_orig/bi_kp/B50/seed2027/20260527_012136_BIKPEvaluation_MPaGE-orig
mpage_orig,bi_kp,50,2028,50.0,17,8,9,0.5294117647058824,0.16,,,,0.5294117647058824,/Users/huyvan/Downloads/GenAIThesis/week7+8+9/MPaGE/mpage_bmab/experiments/results/mpage_orig/bi_kp/B50/seed2028/20260527_013419_BIKPEvaluation_MPaGE-orig
mpage_orig,bi_kp,50,2029,50.0,12,6,6,0.5,0.12,,,,0.5,/Users/huyvan/Downloads/GenAIThesis/week7+8+9/MPaGE/mpage_bmab/experiments/results/mpage_orig/bi_kp/B50/seed2029/20260527_112546_BIKPEvaluation_MPaGE-orig
mpage_orig,bi_tsp,100,2025,100.0,22,18,4,0.18181818181818182,0.18,,,,0.18181818181818182,/Users/huyvan/Downloads/GenAIThesis/week7+8+9/MPaGE/mpage_bmab/experiments/results/mpage_orig/bi_tsp/B100/seed2025/20260526_004827_BITSPEvaluation_MPaGE-orig
mpage_orig,bi_tsp,100,2026,100.0,25,19,6,0.24,0.19,,,,0.24,/Users/huyvan/Downloads/GenAIThesis/week7+8+9/MPaGE/mpage_bmab/experiments/results/mpage_orig/bi_tsp/B100/seed2026/20260526_005827_BITSPEvaluation_MPaGE-orig
mpage_orig,bi_tsp,100,2027,100.0,28,21,7,0.25,0.21,,,,0.25,/Users/huyvan/Downloads/GenAIThesis/week7+8+9/MPaGE/mpage_bmab/experiments/results/mpage_orig/bi_tsp/B100/seed2027/20260526_011219_BITSPEvaluation_MPaGE-orig
mpage_orig,bi_tsp,100,2028,100.0,26,22,4,0.15384615384615385,0.22,,,,0.15384615384615385,/Users/huyvan/Downloads/GenAIThesis/week7+8+9/MPaGE/mpage_bmab/experiments/results/mpage_orig/bi_tsp/B100/seed2028/20260526_012636_BITSPEvaluation_MPaGE-orig
mpage_orig,bi_tsp,100,2029,100.0,26,19,7,0.2692307692307692,0.19,,,,0.2692307692307692,/Users/huyvan/Downloads/GenAIThesis/week7+8+9/MPaGE/mpage_bmab/experiments/results/mpage_orig/bi_tsp/B100/seed2029/20260526_013811_BITSPEvaluation_MPaGE-orig
mpage_orig,bi_tsp,200,2025,200.0,52,39,13,0.25,0.195,,,,0.25,/Users/huyvan/Downloads/GenAIThesis/week7+8+9/MPaGE/mpage_bmab/experiments/results/mpage_orig/bi_tsp/B200/seed2025/20260526_015003_BITSPEvaluation_MPaGE-orig
mpage_orig,bi_tsp,200,2026,200.0,53,39,14,0.2641509433962264,0.195,,,,0.2641509433962264,/Users/huyvan/Downloads/GenAIThesis/week7+8+9/MPaGE/mpage_bmab/experiments/results/mpage_orig/bi_tsp/B200/seed2026/20260526_021717_BITSPEvaluation_MPaGE-orig
mpage_orig,bi_tsp,200,2027,200.0,39,20,19,0.48717948717948717,0.1,,,,0.48717948717948717,/Users/huyvan/Downloads/GenAIThesis/week7+8+9/MPaGE/mpage_bmab/experiments/results/mpage_orig/bi_tsp/B200/seed2027/20260526_024026_BITSPEvaluation_MPaGE-orig
mpage_orig,bi_tsp,200,2028,200.0,42,31,11,0.2619047619047619,0.155,,,,0.2619047619047619,/Users/huyvan/Downloads/GenAIThesis/week7+8+9/MPaGE/mpage_bmab/experiments/results/mpage_orig/bi_tsp/B200/seed2028/20260526_030401_BITSPEvaluation_MPaGE-orig
mpage_orig,bi_tsp,200,2029,200.0,41,31,10,0.24390243902439024,0.155,,,,0.24390243902439024,/Users/huyvan/Downloads/GenAIThesis/week7+8+9/MPaGE/mpage_bmab/experiments/results/mpage_orig/bi_tsp/B200/seed2029/20260526_032622_BITSPEvaluation_MPaGE-orig
mpage_orig,bi_tsp,25,2025,25.0,8,7,1,0.125,0.28,,,,0.125,/Users/huyvan/Downloads/GenAIThesis/week7+8+9/MPaGE/mpage_bmab/experiments/results/mpage_orig/bi_tsp/B25/seed2025/20260525_235730_BITSPEvaluation_MPaGE-orig
mpage_orig,bi_tsp,25,2026,25.0,11,10,1,0.09090909090909091,0.4,,,,0.09090909090909091,/Users/huyvan/Downloads/GenAIThesis/week7+8+9/MPaGE/mpage_bmab/experiments/results/mpage_orig/bi_tsp/B25/seed2026/20260526_000053_BITSPEvaluation_MPaGE-orig
mpage_orig,bi_tsp,25,2027,25.0,11,7,4,0.36363636363636365,0.28,,,,0.36363636363636365,/Users/huyvan/Downloads/GenAIThesis/week7+8+9/MPaGE/mpage_bmab/experiments/results/mpage_orig/bi_tsp/B25/seed2027/20260526_000637_BITSPEvaluation_MPaGE-orig
mpage_orig,bi_tsp,25,2028,25.0,8,7,1,0.125,0.28,,,,0.125,/Users/huyvan/Downloads/GenAIThesis/week7+8+9/MPaGE/mpage_bmab/experiments/results/mpage_orig/bi_tsp/B25/seed2028/20260526_001034_BITSPEvaluation_MPaGE-orig
mpage_orig,bi_tsp,25,2029,25.0,13,10,3,0.23076923076923078,0.4,,,,0.23076923076923078,/Users/huyvan/Downloads/GenAIThesis/week7+8+9/MPaGE/mpage_bmab/experiments/results/mpage_orig/bi_tsp/B25/seed2029/20260526_001342_BITSPEvaluation_MPaGE-orig
mpage_orig,bi_tsp,50,2025,50.0,13,10,3,0.23076923076923078,0.2,,,,0.23076923076923078,/Users/huyvan/Downloads/GenAIThesis/week7+8+9/MPaGE/mpage_bmab/experiments/results/mpage_orig/bi_tsp/B50/seed2025/20260526_001711_BITSPEvaluation_MPaGE-orig
mpage_orig,bi_tsp,50,2026,50.0,21,15,6,0.2857142857142857,0.3,,,,0.2857142857142857,/Users/huyvan/Downloads/GenAIThesis/week7+8+9/MPaGE/mpage_bmab/experiments/results/mpage_orig/bi_tsp/B50/seed2026/20260526_002211_BITSPEvaluation_MPaGE-orig
mpage_orig,bi_tsp,50,2027,50.0,19,11,8,0.42105263157894735,0.22,,,,0.42105263157894735,/Users/huyvan/Downloads/GenAIThesis/week7+8+9/MPaGE/mpage_bmab/experiments/results/mpage_orig/bi_tsp/B50/seed2027/20260526_002801_BITSPEvaluation_MPaGE-orig
mpage_orig,bi_tsp,50,2028,50.0,10,8,2,0.2,0.16,,,,0.2,/Users/huyvan/Downloads/GenAIThesis/week7+8+9/MPaGE/mpage_bmab/experiments/results/mpage_orig/bi_tsp/B50/seed2028/20260526_003555_BITSPEvaluation_MPaGE-orig
mpage_orig,bi_tsp,50,2029,50.0,17,13,4,0.23529411764705882,0.26,,,,0.23529411764705882,/Users/huyvan/Downloads/GenAIThesis/week7+8+9/MPaGE/mpage_bmab/experiments/results/mpage_orig/bi_tsp/B50/seed2029/20260526_004235_BITSPEvaluation_MPaGE-orig
mpage_orig,tri_tsp,100,2025,100.0,25,10,15,0.6,0.1,,,,0.6,/Users/huyvan/Downloads/GenAIThesis/week7+8+9/MPaGE/mpage_bmab/experiments/results/mpage_orig/tri_tsp/B100/seed2025/20260526_062652_TRITSPEvaluation_MPaGE-orig
mpage_orig,tri_tsp,100,2026,100.0,23,13,10,0.43478260869565216,0.13,,,,0.43478260869565216,/Users/huyvan/Downloads/GenAIThesis/week7+8+9/MPaGE/mpage_bmab/experiments/results/mpage_orig/tri_tsp/B100/seed2026/20260526_065544_TRITSPEvaluation_MPaGE-orig
mpage_orig,tri_tsp,100,2027,100.0,23,14,9,0.391304347826087,0.14,,,,0.391304347826087,/Users/huyvan/Downloads/GenAIThesis/week7+8+9/MPaGE/mpage_bmab/experiments/results/mpage_orig/tri_tsp/B100/seed2027/20260526_071929_TRITSPEvaluation_MPaGE-orig
mpage_orig,tri_tsp,100,2028,100.0,17,10,7,0.4117647058823529,0.1,,,,0.4117647058823529,/Users/huyvan/Downloads/GenAIThesis/week7+8+9/MPaGE/mpage_bmab/experiments/results/mpage_orig/tri_tsp/B100/seed2028/20260526_074829_TRITSPEvaluation_MPaGE-orig
mpage_orig,tri_tsp,100,2029,100.0,18,12,6,0.3333333333333333,0.12,,,,0.3333333333333333,/Users/huyvan/Downloads/GenAIThesis/week7+8+9/MPaGE/mpage_bmab/experiments/results/mpage_orig/tri_tsp/B100/seed2029/20260526_081715_TRITSPEvaluation_MPaGE-orig
mpage_orig,tri_tsp,200,2025,200.0,37,17,20,0.5405405405405406,0.085,,,,0.5405405405405406,/Users/huyvan/Downloads/GenAIThesis/week7+8+9/MPaGE/mpage_bmab/experiments/results/mpage_orig/tri_tsp/B200/seed2025/20260526_084754_TRITSPEvaluation_MPaGE-orig
mpage_orig,tri_tsp,200,2026,200.0,35,15,20,0.5714285714285714,0.075,,,,0.5714285714285714,/Users/huyvan/Downloads/GenAIThesis/week7+8+9/MPaGE/mpage_bmab/experiments/results/mpage_orig/tri_tsp/B200/seed2026/20260526_095040_TRITSPEvaluation_MPaGE-orig
mpage_orig,tri_tsp,200,2027,200.0,38,19,19,0.5,0.095,,,,0.5,/Users/huyvan/Downloads/GenAIThesis/week7+8+9/MPaGE/mpage_bmab/experiments/results/mpage_orig/tri_tsp/B200/seed2027/20260526_104202_TRITSPEvaluation_MPaGE-orig
mpage_orig,tri_tsp,200,2028,200.0,29,14,15,0.5172413793103449,0.07,,,,0.5172413793103449,/Users/huyvan/Downloads/GenAIThesis/week7+8+9/MPaGE/mpage_bmab/experiments/results/mpage_orig/tri_tsp/B200/seed2028/20260526_113245_TRITSPEvaluation_MPaGE-orig
mpage_orig,tri_tsp,200,2029,200.0,30,13,17,0.5666666666666667,0.065,,,,0.5666666666666667,/Users/huyvan/Downloads/GenAIThesis/week7+8+9/MPaGE/mpage_bmab/experiments/results/mpage_orig/tri_tsp/B200/seed2029/20260526_121813_TRITSPEvaluation_MPaGE-orig
mpage_orig,tri_tsp,25,2025,25.0,12,6,6,0.5,0.24,,,,0.5,/Users/huyvan/Downloads/GenAIThesis/week7+8+9/MPaGE/mpage_bmab/experiments/results/mpage_orig/tri_tsp/B25/seed2025/20260526_034743_TRITSPEvaluation_MPaGE-orig
mpage_orig,tri_tsp,25,2026,25.0,7,6,1,0.14285714285714285,0.24,,,,0.14285714285714285,/Users/huyvan/Downloads/GenAIThesis/week7+8+9/MPaGE/mpage_bmab/experiments/results/mpage_orig/tri_tsp/B25/seed2026/20260526_040355_TRITSPEvaluation_MPaGE-orig
mpage_orig,tri_tsp,25,2027,25.0,10,6,4,0.4,0.24,,,,0.4,/Users/huyvan/Downloads/GenAIThesis/week7+8+9/MPaGE/mpage_bmab/experiments/results/mpage_orig/tri_tsp/B25/seed2027/20260526_041544_TRITSPEvaluation_MPaGE-orig
mpage_orig,tri_tsp,25,2028,25.0,8,6,2,0.25,0.24,,,,0.25,/Users/huyvan/Downloads/GenAIThesis/week7+8+9/MPaGE/mpage_bmab/experiments/results/mpage_orig/tri_tsp/B25/seed2028/20260526_042831_TRITSPEvaluation_MPaGE-orig
mpage_orig,tri_tsp,25,2029,25.0,7,6,1,0.14285714285714285,0.24,,,,0.14285714285714285,/Users/huyvan/Downloads/GenAIThesis/week7+8+9/MPaGE/mpage_bmab/experiments/results/mpage_orig/tri_tsp/B25/seed2029/20260526_044025_TRITSPEvaluation_MPaGE-orig
mpage_orig,tri_tsp,50,2025,50.0,17,8,9,0.5294117647058824,0.16,,,,0.5294117647058824,/Users/huyvan/Downloads/GenAIThesis/week7+8+9/MPaGE/mpage_bmab/experiments/results/mpage_orig/tri_tsp/B50/seed2025/20260526_045216_TRITSPEvaluation_MPaGE-orig
mpage_orig,tri_tsp,50,2026,50.0,13,9,4,0.3076923076923077,0.18,,,,0.3076923076923077,/Users/huyvan/Downloads/GenAIThesis/week7+8+9/MPaGE/mpage_bmab/experiments/results/mpage_orig/tri_tsp/B50/seed2026/20260526_051607_TRITSPEvaluation_MPaGE-orig
mpage_orig,tri_tsp,50,2027,50.0,13,9,4,0.3076923076923077,0.18,,,,0.3076923076923077,/Users/huyvan/Downloads/GenAIThesis/week7+8+9/MPaGE/mpage_bmab/experiments/results/mpage_orig/tri_tsp/B50/seed2027/20260526_053015_TRITSPEvaluation_MPaGE-orig
mpage_orig,tri_tsp,50,2028,50.0,13,8,5,0.38461538461538464,0.16,,,,0.38461538461538464,/Users/huyvan/Downloads/GenAIThesis/week7+8+9/MPaGE/mpage_bmab/experiments/results/mpage_orig/tri_tsp/B50/seed2028/20260526_054746_TRITSPEvaluation_MPaGE-orig
mpage_orig,tri_tsp,50,2029,50.0,14,12,2,0.14285714285714285,0.24,,,,0.14285714285714285,/Users/huyvan/Downloads/GenAIThesis/week7+8+9/MPaGE/mpage_bmab/experiments/results/mpage_orig/tri_tsp/B50/seed2029/20260526_060732_TRITSPEvaluation_MPaGE-orig
