ablation,task,budget,seed,aubc,consumed_budget,total_budget,hv_final,pareto_size,n_calls,run_dir,sample_count,valid_count,null_score_count,recorded_null_rate,valid_yield_per_100_calls,generation_attempts,non_generation_calls,unregistered_generation_count,invalid_null_proxy_rate
full,bi_cvrp,100,2025,14167.71242913809,100.0,100.0,20957.553435524558,8,100,/Users/huyvan/Downloads/GenAIThesis/week7+8+9/MPaGE/mpage_bmab/experiments/results/full/bi_cvrp/B100/seed2025/20260616_181949_BICVRPEvaluation_BMAB-full,16,16,0,0.0,16.0,92,8,76,0.8260869565217391
full,bi_cvrp,100,2026,14428.463817880409,100.0,100.0,16875.396278222703,8,100,/Users/huyvan/Downloads/GenAIThesis/week7+8+9/MPaGE/mpage_bmab/experiments/results/full/bi_cvrp/B100/seed2026/20260616_184048_BICVRPEvaluation_BMAB-full,8,8,0,0.0,8.0,92,8,84,0.9130434782608695
full,bi_cvrp,100,2027,15573.858194058372,100.0,100.0,17208.683087357313,8,100,/Users/huyvan/Downloads/GenAIThesis/week7+8+9/MPaGE/mpage_bmab/experiments/results/full/bi_cvrp/B100/seed2027/20260616_190430_BICVRPEvaluation_BMAB-full,14,14,0,0.0,14.000000000000002,91,9,77,0.8461538461538461
full,bi_cvrp,100,2028,14288.497100341723,100.0,100.0,20680.98919509936,8,100,/Users/huyvan/Downloads/GenAIThesis/week7+8+9/MPaGE/mpage_bmab/experiments/results/full/bi_cvrp/B100/seed2028/20260616_192631_BICVRPEvaluation_BMAB-full,12,12,0,0.0,12.0,92,8,80,0.8695652173913043
full,bi_cvrp,100,2029,15107.736198786446,100.0,100.0,18651.52617134129,8,100,/Users/huyvan/Downloads/GenAIThesis/week7+8+9/MPaGE/mpage_bmab/experiments/results/full/bi_cvrp/B100/seed2029/20260616_232738_BICVRPEvaluation_BMAB-full,10,10,0,0.0,10.0,93,7,83,0.8924731182795699
full,bi_cvrp,200,2025,16281.627803444408,200.0,200.0,23355.061311467292,10,200,/Users/huyvan/Downloads/GenAIThesis/week7+8+9/MPaGE/mpage_bmab/experiments/results/full/bi_cvrp/B200/seed2025/20260616_235410_BICVRPEvaluation_BMAB-full,19,19,0,0.0,9.5,184,16,165,0.8967391304347826
full,bi_cvrp,200,2026,15475.863730195835,200.0,200.0,21490.572812608785,10,200,/Users/huyvan/Downloads/GenAIThesis/week7+8+9/MPaGE/mpage_bmab/experiments/results/full/bi_cvrp/B200/seed2026/20260617_004204_BICVRPEvaluation_BMAB-full,14,14,0,0.0,7.000000000000001,186,14,172,0.9247311827956989
full,bi_cvrp,200,2027,16401.447816879467,200.0,200.0,17731.378121000052,10,200,/Users/huyvan/Downloads/GenAIThesis/week7+8+9/MPaGE/mpage_bmab/experiments/results/full/bi_cvrp/B200/seed2027/20260617_013109_BICVRPEvaluation_BMAB-full,13,13,0,0.0,6.5,184,16,171,0.9293478260869565
full,bi_cvrp,200,2028,14278.701887727382,200.0,200.0,15977.595011048308,10,200,/Users/huyvan/Downloads/GenAIThesis/week7+8+9/MPaGE/mpage_bmab/experiments/results/full/bi_cvrp/B200/seed2028/20260617_020842_BICVRPEvaluation_BMAB-full,19,19,0,0.0,9.5,185,15,166,0.8972972972972973
full,bi_cvrp,200,2029,16098.179226259928,200.0,200.0,19301.556572451325,10,200,/Users/huyvan/Downloads/GenAIThesis/week7+8+9/MPaGE/mpage_bmab/experiments/results/full/bi_cvrp/B200/seed2029/20260617_025808_BICVRPEvaluation_BMAB-full,26,26,0,0.0,13.0,184,16,158,0.8586956521739131
full,bi_cvrp,25,2025,19286.782762465995,25.0,25.0,22960.455669602372,4,25,/Users/huyvan/Downloads/GenAIThesis/week7+8+9/MPaGE/mpage_bmab/experiments/results/full/bi_cvrp/B25/seed2025/20260616_161348_BICVRPEvaluation_BMAB-full,4,4,0,0.0,16.0,21,4,17,0.8095238095238095
full,bi_cvrp,25,2026,13826.509200725273,25.0,25.0,19203.7129532173,4,25,/Users/huyvan/Downloads/GenAIThesis/week7+8+9/MPaGE/mpage_bmab/experiments/results/full/bi_cvrp/B25/seed2026/20260616_161900_BICVRPEvaluation_BMAB-full,5,5,0,0.0,20.0,23,2,18,0.782608695652174
full,bi_cvrp,25,2027,11458.66656405157,25.0,25.0,19097.777606752614,4,25,/Users/huyvan/Downloads/GenAIThesis/week7+8+9/MPaGE/mpage_bmab/experiments/results/full/bi_cvrp/B25/seed2027/20260616_162553_BICVRPEvaluation_BMAB-full,4,4,0,0.0,16.0,24,1,20,0.8333333333333334
full,bi_cvrp,25,2028,13683.390241365241,25.0,25.0,18491.067893736814,4,25,/Users/huyvan/Downloads/GenAIThesis/week7+8+9/MPaGE/mpage_bmab/experiments/results/full/bi_cvrp/B25/seed2028/20260616_163303_BICVRPEvaluation_BMAB-full,4,4,0,0.0,16.0,22,3,18,0.8181818181818182
full,bi_cvrp,25,2029,8741.613521885716,25.0,25.0,14569.355869809526,4,25,/Users/huyvan/Downloads/GenAIThesis/week7+8+9/MPaGE/mpage_bmab/experiments/results/full/bi_cvrp/B25/seed2029/20260616_163828_BICVRPEvaluation_BMAB-full,4,4,0,0.0,16.0,24,1,20,0.8333333333333334
full,bi_cvrp,50,2025,12933.955947996285,50.0,50.0,15967.846849378127,6,50,/Users/huyvan/Downloads/GenAIThesis/week7+8+9/MPaGE/mpage_bmab/experiments/results/full/bi_cvrp/B50/seed2025/20260616_164803_BICVRPEvaluation_BMAB-full,7,7,0,0.0,14.000000000000002,45,5,38,0.8444444444444444
full,bi_cvrp,50,2026,13544.34169364806,50.0,50.0,18818.646878663556,6,50,/Users/huyvan/Downloads/GenAIThesis/week7+8+9/MPaGE/mpage_bmab/experiments/results/full/bi_cvrp/B50/seed2026/20260616_230026_BICVRPEvaluation_BMAB-full,7,7,0,0.0,14.000000000000002,47,3,40,0.851063829787234
full,bi_cvrp,50,2027,15113.525001958425,50.0,50.0,17174.46022949821,6,50,/Users/huyvan/Downloads/GenAIThesis/week7+8+9/MPaGE/mpage_bmab/experiments/results/full/bi_cvrp/B50/seed2027/20260616_172832_BICVRPEvaluation_BMAB-full,8,8,0,0.0,16.0,44,6,36,0.8181818181818182
full,bi_cvrp,50,2028,13887.587050876824,50.0,50.0,19290.96282816287,6,50,/Users/huyvan/Downloads/GenAIThesis/week7+8+9/MPaGE/mpage_bmab/experiments/results/full/bi_cvrp/B50/seed2028/20260616_174213_BICVRPEvaluation_BMAB-full,8,8,0,0.0,16.0,47,3,39,0.8297872340425532
full,bi_cvrp,50,2029,13989.577496981747,50.0,50.0,17096.25115787379,6,50,/Users/huyvan/Downloads/GenAIThesis/week7+8+9/MPaGE/mpage_bmab/experiments/results/full/bi_cvrp/B50/seed2029/20260616_231226_BICVRPEvaluation_BMAB-full,8,8,0,0.0,16.0,45,5,37,0.8222222222222222
full,bi_kp,100,2025,26375.912708105887,100.0,100.0,29551.883393316413,8,100,/Users/huyvan/Downloads/GenAIThesis/week7+8+9/MPaGE/mpage_bmab/experiments/results/full/bi_kp/B100/seed2025/20260618_030934_BIKPEvaluation_BMAB-full,16,16,0,0.0,16.0,90,10,74,0.8222222222222222
full,bi_kp,100,2026,36003.19584744661,100.0,100.0,40003.550941607355,8,100,/Users/huyvan/Downloads/GenAIThesis/week7+8+9/MPaGE/mpage_bmab/experiments/results/full/bi_kp/B100/seed2026/20260617_061618_BIKPEvaluation_BMAB-full,15,15,0,0.0,15.0,91,9,76,0.8351648351648352
full,bi_kp,100,2027,33764.92344563623,100.0,100.0,37517.056269632165,8,100,/Users/huyvan/Downloads/GenAIThesis/week7+8+9/MPaGE/mpage_bmab/experiments/results/full/bi_kp/B100/seed2027/20260617_064335_BIKPEvaluation_BMAB-full,12,12,0,0.0,12.0,91,9,79,0.8681318681318682
full,bi_kp,100,2028,33054.50227867011,100.0,100.0,36727.224754077884,8,100,/Users/huyvan/Downloads/GenAIThesis/week7+8+9/MPaGE/mpage_bmab/experiments/results/full/bi_kp/B100/seed2028/20260617_070929_BIKPEvaluation_BMAB-full,12,12,0,0.0,12.0,91,9,79,0.8681318681318682
full,bi_kp,100,2029,15753.49169249577,100.0,100.0,34841.445736601054,8,100,/Users/huyvan/Downloads/GenAIThesis/week7+8+9/MPaGE/mpage_bmab/experiments/results/full/bi_kp/B100/seed2029/20260617_073358_BIKPEvaluation_BMAB-full,14,14,0,0.0,14.000000000000002,91,9,77,0.8461538461538461
full,bi_kp,200,2025,16042.749254853217,200.0,200.0,16931.661482694693,10,200,/Users/huyvan/Downloads/GenAIThesis/week7+8+9/MPaGE/mpage_bmab/experiments/results/full/bi_kp/B200/seed2025/20260617_075907_BIKPEvaluation_BMAB-full,17,17,0,0.0,8.5,183,17,166,0.907103825136612
full,bi_kp,200,2026,18023.10944601504,200.0,200.0,23789.178926416105,10,200,/Users/huyvan/Downloads/GenAIThesis/week7+8+9/MPaGE/mpage_bmab/experiments/results/full/bi_kp/B200/seed2026/20260617_085411_BIKPEvaluation_BMAB-full,23,23,0,0.0,11.5,183,17,160,0.8743169398907104
full,bi_kp,200,2027,31455.638299498092,200.0,200.0,37673.70547047862,10,200,/Users/huyvan/Downloads/GenAIThesis/week7+8+9/MPaGE/mpage_bmab/experiments/results/full/bi_kp/B200/seed2027/20260617_094239_BIKPEvaluation_BMAB-full,16,16,0,0.0,8.0,183,17,167,0.912568306010929
full,bi_kp,200,2028,18668.551453004176,200.0,200.0,32820.136617507604,10,200,/Users/huyvan/Downloads/GenAIThesis/week7+8+9/MPaGE/mpage_bmab/experiments/results/full/bi_kp/B200/seed2028/20260617_102739_BIKPEvaluation_BMAB-full,27,27,0,0.0,13.5,184,16,157,0.8532608695652174
full,bi_kp,200,2029,36755.36699575912,200.0,200.0,39662.5756558806,10,200,/Users/huyvan/Downloads/GenAIThesis/week7+8+9/MPaGE/mpage_bmab/experiments/results/full/bi_kp/B200/seed2029/20260617_111527_BIKPEvaluation_BMAB-full,25,25,0,0.0,12.5,184,16,159,0.8641304347826086
full,bi_kp,25,2025,1195.390074893465,25.0,25.0,13437.249410821145,4,25,/Users/huyvan/Downloads/GenAIThesis/week7+8+9/MPaGE/mpage_bmab/experiments/results/full/bi_kp/B25/seed2025/20260617_034920_BIKPEvaluation_BMAB-full,6,6,0,0.0,24.0,22,3,16,0.7272727272727273
full,bi_kp,25,2026,31051.104865835445,25.0,25.0,36965.60103075648,4,25,/Users/huyvan/Downloads/GenAIThesis/week7+8+9/MPaGE/mpage_bmab/experiments/results/full/bi_kp/B25/seed2026/20260617_035544_BIKPEvaluation_BMAB-full,5,5,0,0.0,20.0,21,4,16,0.7619047619047619
full,bi_kp,25,2027,24689.802685460574,25.0,25.0,28056.593960750648,4,25,/Users/huyvan/Downloads/GenAIThesis/week7+8+9/MPaGE/mpage_bmab/experiments/results/full/bi_kp/B25/seed2027/20260617_040402_BIKPEvaluation_BMAB-full,5,5,0,0.0,20.0,21,4,16,0.7619047619047619
full,bi_kp,25,2028,26495.61225925405,25.0,25.0,28799.57854266745,4,25,/Users/huyvan/Downloads/GenAIThesis/week7+8+9/MPaGE/mpage_bmab/experiments/results/full/bi_kp/B25/seed2028/20260617_041150_BIKPEvaluation_BMAB-full,4,4,0,0.0,16.0,21,4,17,0.8095238095238095
full,bi_kp,25,2029,33090.31622221644,25.0,25.0,36767.01802468493,4,25,/Users/huyvan/Downloads/GenAIThesis/week7+8+9/MPaGE/mpage_bmab/experiments/results/full/bi_kp/B25/seed2029/20260617_041742_BIKPEvaluation_BMAB-full,4,4,0,0.0,16.0,21,4,17,0.8095238095238095
full,bi_kp,50,2025,30250.70023540865,50.0,50.0,36520.044364833804,6,50,/Users/huyvan/Downloads/GenAIThesis/week7+8+9/MPaGE/mpage_bmab/experiments/results/full/bi_kp/B50/seed2025/20260617_042624_BIKPEvaluation_BMAB-full,9,9,0,0.0,18.0,45,5,36,0.8
full,bi_kp,50,2026,34539.384433736785,50.0,50.0,37139.1230470288,6,50,/Users/huyvan/Downloads/GenAIThesis/week7+8+9/MPaGE/mpage_bmab/experiments/results/full/bi_kp/B50/seed2026/20260617_044829_BIKPEvaluation_BMAB-full,6,6,0,0.0,12.0,44,6,38,0.8636363636363636
full,bi_kp,50,2027,25906.364408497604,50.0,50.0,31983.165936416797,6,50,/Users/huyvan/Downloads/GenAIThesis/week7+8+9/MPaGE/mpage_bmab/experiments/results/full/bi_kp/B50/seed2027/20260617_050225_BIKPEvaluation_BMAB-full,7,7,0,0.0,14.000000000000002,45,5,38,0.8444444444444444
full,bi_kp,50,2028,28490.691990880394,50.0,50.0,33470.948829332636,6,50,/Users/huyvan/Downloads/GenAIThesis/week7+8+9/MPaGE/mpage_bmab/experiments/results/full/bi_kp/B50/seed2028/20260617_052311_BIKPEvaluation_BMAB-full,9,9,0,0.0,18.0,44,6,35,0.7954545454545454
full,bi_kp,50,2029,33788.26416035615,50.0,50.0,37542.51573372906,6,50,/Users/huyvan/Downloads/GenAIThesis/week7+8+9/MPaGE/mpage_bmab/experiments/results/full/bi_kp/B50/seed2029/20260617_053948_BIKPEvaluation_BMAB-full,6,6,0,0.0,12.0,44,6,38,0.8636363636363636
full,bi_tsp,100,2025,13918.09759149614,100.0,100.0,14968.25389571526,8,100,/Users/huyvan/Downloads/GenAIThesis/week7+8+9/MPaGE/mpage_bmab/experiments/results/full/bi_tsp/B100/seed2025/20260616_021519_BITSPEvaluation_BMAB-full,16,16,0,0.0,16.0,90,10,74,0.8222222222222222
full,bi_tsp,100,2026,14117.248139808182,100.0,100.0,14946.857918219399,8,100,/Users/huyvan/Downloads/GenAIThesis/week7+8+9/MPaGE/mpage_bmab/experiments/results/full/bi_tsp/B100/seed2026/20260616_023059_BITSPEvaluation_BMAB-full,21,21,0,0.0,21.0,90,10,69,0.7666666666666667
full,bi_tsp,100,2027,14252.99935548939,100.0,100.0,15014.01187066634,8,100,/Users/huyvan/Downloads/GenAIThesis/week7+8+9/MPaGE/mpage_bmab/experiments/results/full/bi_tsp/B100/seed2027/20260616_024416_BITSPEvaluation_BMAB-full,21,21,0,0.0,21.0,90,10,69,0.7666666666666667
full,bi_tsp,100,2028,13864.553711480794,100.0,100.0,15137.157173000645,8,100,/Users/huyvan/Downloads/GenAIThesis/week7+8+9/MPaGE/mpage_bmab/experiments/results/full/bi_tsp/B100/seed2028/20260616_025705_BITSPEvaluation_BMAB-full,36,36,0,0.0,36.0,90,10,54,0.6
full,bi_tsp,100,2029,13997.771114406823,100.0,100.0,15051.7927770676,8,100,/Users/huyvan/Downloads/GenAIThesis/week7+8+9/MPaGE/mpage_bmab/experiments/results/full/bi_tsp/B100/seed2029/20260616_030905_BITSPEvaluation_BMAB-full,19,19,0,0.0,19.0,90,10,71,0.7888888888888889
full,bi_tsp,200,2025,14380.437637309426,200.0,200.0,15101.350558915781,10,200,/Users/huyvan/Downloads/GenAIThesis/week7+8+9/MPaGE/mpage_bmab/experiments/results/full/bi_tsp/B200/seed2025/20260616_032415_BITSPEvaluation_BMAB-full,28,28,0,0.0,14.000000000000002,183,17,155,0.8469945355191257
full,bi_tsp,200,2026,14592.658812191205,200.0,200.0,15377.813820348845,10,200,/Users/huyvan/Downloads/GenAIThesis/week7+8+9/MPaGE/mpage_bmab/experiments/results/full/bi_tsp/B200/seed2026/20260616_034943_BITSPEvaluation_BMAB-full,38,38,0,0.0,19.0,183,17,145,0.7923497267759563
full,bi_tsp,200,2027,13989.500831149868,200.0,200.0,15183.61359870662,10,200,/Users/huyvan/Downloads/GenAIThesis/week7+8+9/MPaGE/mpage_bmab/experiments/results/full/bi_tsp/B200/seed2027/20260616_042432_BITSPEvaluation_BMAB-full,39,39,0,0.0,19.5,183,17,144,0.7868852459016393
full,bi_tsp,200,2028,14113.315819659387,200.0,200.0,15143.162618048673,10,200,/Users/huyvan/Downloads/GenAIThesis/week7+8+9/MPaGE/mpage_bmab/experiments/results/full/bi_tsp/B200/seed2028/20260616_045306_BITSPEvaluation_BMAB-full,40,40,0,0.0,20.0,183,17,143,0.7814207650273224
full,bi_tsp,200,2029,14583.396091965678,200.0,200.0,15186.557480906975,10,200,/Users/huyvan/Downloads/GenAIThesis/week7+8+9/MPaGE/mpage_bmab/experiments/results/full/bi_tsp/B200/seed2029/20260616_051431_BITSPEvaluation_BMAB-full,103,103,0,0.0,51.5,183,17,80,0.4371584699453552
full,bi_tsp,25,2025,13024.238918151717,25.0,25.0,14536.88709305557,4,25,/Users/huyvan/Downloads/GenAIThesis/week7+8+9/MPaGE/mpage_bmab/experiments/results/full/bi_tsp/B25/seed2025/20260616_012909_BITSPEvaluation_BMAB-full,7,7,0,0.0,28.000000000000004,21,4,14,0.6666666666666666
full,bi_tsp,25,2026,13123.326645104798,25.0,25.0,15263.779217934301,4,25,/Users/huyvan/Downloads/GenAIThesis/week7+8+9/MPaGE/mpage_bmab/experiments/results/full/bi_tsp/B25/seed2026/20260616_013156_BITSPEvaluation_BMAB-full,6,6,0,0.0,24.0,21,4,15,0.7142857142857143
full,bi_tsp,25,2027,11833.354468949772,25.0,25.0,14273.1958389995,4,25,/Users/huyvan/Downloads/GenAIThesis/week7+8+9/MPaGE/mpage_bmab/experiments/results/full/bi_tsp/B25/seed2027/20260616_013551_BITSPEvaluation_BMAB-full,9,9,0,0.0,36.0,21,4,12,0.5714285714285714
full,bi_tsp,25,2028,12385.274436273967,25.0,25.0,14413.461889953944,4,25,/Users/huyvan/Downloads/GenAIThesis/week7+8+9/MPaGE/mpage_bmab/experiments/results/full/bi_tsp/B25/seed2028/20260616_013828_BITSPEvaluation_BMAB-full,6,6,0,0.0,24.0,21,4,15,0.7142857142857143
full,bi_tsp,25,2029,11775.518020234107,25.0,25.0,15100.280207372994,4,25,/Users/huyvan/Downloads/GenAIThesis/week7+8+9/MPaGE/mpage_bmab/experiments/results/full/bi_tsp/B25/seed2029/20260616_014106_BITSPEvaluation_BMAB-full,5,5,0,0.0,20.0,22,3,17,0.7727272727272727
full,bi_tsp,50,2025,12834.430162921422,50.0,50.0,15101.115225139625,6,50,/Users/huyvan/Downloads/GenAIThesis/week7+8+9/MPaGE/mpage_bmab/experiments/results/full/bi_tsp/B50/seed2025/20260616_014349_BITSPEvaluation_BMAB-full,11,11,0,0.0,22.0,45,5,34,0.7555555555555555
full,bi_tsp,50,2026,12789.328508037073,50.0,50.0,14695.422101762046,6,50,/Users/huyvan/Downloads/GenAIThesis/week7+8+9/MPaGE/mpage_bmab/experiments/results/full/bi_tsp/B50/seed2026/20260616_014933_BITSPEvaluation_BMAB-full,11,11,0,0.0,22.0,44,6,33,0.75
full,bi_tsp,50,2027,12810.097187996642,50.0,50.0,14280.921487786007,6,50,/Users/huyvan/Downloads/GenAIThesis/week7+8+9/MPaGE/mpage_bmab/experiments/results/full/bi_tsp/B50/seed2027/20260616_015521_BITSPEvaluation_BMAB-full,12,12,0,0.0,24.0,44,6,32,0.7272727272727273
full,bi_tsp,50,2028,13113.357908658963,50.0,50.0,14904.401318350609,6,50,/Users/huyvan/Downloads/GenAIThesis/week7+8+9/MPaGE/mpage_bmab/experiments/results/full/bi_tsp/B50/seed2028/20260616_020058_BITSPEvaluation_BMAB-full,15,15,0,0.0,30.0,44,6,29,0.6590909090909091
full,bi_tsp,50,2029,13110.536483267988,50.0,50.0,15069.90423488014,6,50,/Users/huyvan/Downloads/GenAIThesis/week7+8+9/MPaGE/mpage_bmab/experiments/results/full/bi_tsp/B50/seed2029/20260616_020810_BITSPEvaluation_BMAB-full,9,9,0,0.0,18.0,44,6,35,0.7954545454545454
full,tri_tsp,100,2025,166479.00382380327,100.0,100.0,208098.75477975412,10,100,/Users/huyvan/Downloads/GenAIThesis/week7+8+9/MPaGE/mpage_bmab/experiments/results/full/tri_tsp/B100/seed2025/20260616_081814_TRITSPEvaluation_BMAB-full,12,12,0,0.0,12.0,94,6,82,0.8723404255319149
full,tri_tsp,100,2026,178803.26376682252,100.0,100.0,207919.04646288863,10,100,/Users/huyvan/Downloads/GenAIThesis/week7+8+9/MPaGE/mpage_bmab/experiments/results/full/tri_tsp/B100/seed2026/20260616_085051_TRITSPEvaluation_BMAB-full,16,16,0,0.0,16.0,93,7,77,0.8279569892473119
full,tri_tsp,100,2027,178851.2959458734,100.0,100.0,207966.62319287602,10,100,/Users/huyvan/Downloads/GenAIThesis/week7+8+9/MPaGE/mpage_bmab/experiments/results/full/tri_tsp/B100/seed2027/20260616_092807_TRITSPEvaluation_BMAB-full,13,13,0,0.0,13.0,93,7,80,0.8602150537634409
full,tri_tsp,100,2028,184921.41211274077,100.0,100.0,206983.84350450954,10,100,/Users/huyvan/Downloads/GenAIThesis/week7+8+9/MPaGE/mpage_bmab/experiments/results/full/tri_tsp/B100/seed2028/20260616_095232_TRITSPEvaluation_BMAB-full,18,18,0,0.0,18.0,92,8,74,0.8043478260869565
full,tri_tsp,100,2029,189869.62446882567,100.0,100.0,208670.78134267608,10,100,/Users/huyvan/Downloads/GenAIThesis/week7+8+9/MPaGE/mpage_bmab/experiments/results/full/tri_tsp/B100/seed2029/20260616_102846_TRITSPEvaluation_BMAB-full,15,15,0,0.0,15.0,92,8,77,0.8369565217391305
full,tri_tsp,200,2025,184462.18781133674,200.0,200.0,207327.5086725669,12,200,/Users/huyvan/Downloads/GenAIThesis/week7+8+9/MPaGE/mpage_bmab/experiments/results/full/tri_tsp/B200/seed2025/20260616_110746_TRITSPEvaluation_BMAB-full,25,25,0,0.0,12.5,188,12,163,0.8670212765957447
full,tri_tsp,200,2026,189091.12585590928,200.0,200.0,207727.4552454591,12,200,/Users/huyvan/Downloads/GenAIThesis/week7+8+9/MPaGE/mpage_bmab/experiments/results/full/tri_tsp/B200/seed2026/20260616_121525_TRITSPEvaluation_BMAB-full,25,25,0,0.0,12.5,187,13,162,0.8663101604278075
full,tri_tsp,200,2027,184617.01542857313,200.0,200.0,207066.5399438513,12,200,/Users/huyvan/Downloads/GenAIThesis/week7+8+9/MPaGE/mpage_bmab/experiments/results/full/tri_tsp/B200/seed2027/20260616_221208_TRITSPEvaluation_BMAB-full,17,17,0,0.0,8.5,188,12,171,0.9095744680851063
full,tri_tsp,200,2028,188780.6055979618,200.0,200.0,208282.42637503313,12,200,/Users/huyvan/Downloads/GenAIThesis/week7+8+9/MPaGE/mpage_bmab/experiments/results/full/tri_tsp/B200/seed2028/20260616_140837_TRITSPEvaluation_BMAB-full,22,22,0,0.0,11.0,187,13,165,0.8823529411764706
full,tri_tsp,200,2029,195209.79855488252,200.0,200.0,207771.11814639016,12,200,/Users/huyvan/Downloads/GenAIThesis/week7+8+9/MPaGE/mpage_bmab/experiments/results/full/tri_tsp/B200/seed2029/20260616_151700_TRITSPEvaluation_BMAB-full,21,21,0,0.0,10.5,186,14,165,0.8870967741935484
full,tri_tsp,25,2025,115479.60804093242,25.0,25.0,206213.5857873793,6,25,/Users/huyvan/Downloads/GenAIThesis/week7+8+9/MPaGE/mpage_bmab/experiments/results/full/tri_tsp/B25/seed2025/20260616_054255_TRITSPEvaluation_BMAB-full,6,6,0,0.0,24.0,24,1,18,0.75
full,tri_tsp,25,2026,149119.5999347522,25.0,25.0,207110.5554649336,6,25,/Users/huyvan/Downloads/GenAIThesis/week7+8+9/MPaGE/mpage_bmab/experiments/results/full/tri_tsp/B25/seed2026/20260616_055740_TRITSPEvaluation_BMAB-full,7,7,0,0.0,28.000000000000004,23,2,16,0.6956521739130435
full,tri_tsp,25,2027,161070.49968497525,25.0,25.0,207479.51920738546,6,25,/Users/huyvan/Downloads/GenAIThesis/week7+8+9/MPaGE/mpage_bmab/experiments/results/full/tri_tsp/B25/seed2027/20260616_060629_TRITSPEvaluation_BMAB-full,8,8,0,0.0,32.0,23,2,15,0.6521739130434783
full,tri_tsp,25,2028,144667.47474195415,25.0,25.0,207863.60889236676,6,25,/Users/huyvan/Downloads/GenAIThesis/week7+8+9/MPaGE/mpage_bmab/experiments/results/full/tri_tsp/B25/seed2028/20260616_061643_TRITSPEvaluation_BMAB-full,7,7,0,0.0,28.000000000000004,23,2,16,0.6956521739130435
full,tri_tsp,25,2029,151913.61187140917,25.0,25.0,205288.66469109347,6,25,/Users/huyvan/Downloads/GenAIThesis/week7+8+9/MPaGE/mpage_bmab/experiments/results/full/tri_tsp/B25/seed2029/20260616_063010_TRITSPEvaluation_BMAB-full,6,6,0,0.0,24.0,23,2,17,0.7391304347826086
full,tri_tsp,50,2025,158972.99212707314,50.0,50.0,206458.43133386123,8,50,/Users/huyvan/Downloads/GenAIThesis/week7+8+9/MPaGE/mpage_bmab/experiments/results/full/tri_tsp/B50/seed2025/20260616_063715_TRITSPEvaluation_BMAB-full,8,8,0,0.0,16.0,47,3,39,0.8297872340425532
full,tri_tsp,50,2026,147290.9463269837,50.0,50.0,207452.03708025874,8,50,/Users/huyvan/Downloads/GenAIThesis/week7+8+9/MPaGE/mpage_bmab/experiments/results/full/tri_tsp/B50/seed2026/20260616_065703_TRITSPEvaluation_BMAB-full,9,9,0,0.0,18.0,47,3,38,0.8085106382978723
full,tri_tsp,50,2027,164612.5514833141,50.0,50.0,208394.09539483703,8,50,/Users/huyvan/Downloads/GenAIThesis/week7+8+9/MPaGE/mpage_bmab/experiments/results/full/tri_tsp/B50/seed2027/20260616_071651_TRITSPEvaluation_BMAB-full,11,11,0,0.0,22.0,46,4,35,0.7608695652173914
full,tri_tsp,50,2028,155685.0948226461,50.0,50.0,208159.94563120895,8,50,/Users/huyvan/Downloads/GenAIThesis/week7+8+9/MPaGE/mpage_bmab/experiments/results/full/tri_tsp/B50/seed2028/20260616_074052_TRITSPEvaluation_BMAB-full,9,9,0,0.0,18.0,47,3,38,0.8085106382978723
full,tri_tsp,50,2029,178223.03044801342,50.0,50.0,207236.0819162947,8,50,/Users/huyvan/Downloads/GenAIThesis/week7+8+9/MPaGE/mpage_bmab/experiments/results/full/tri_tsp/B50/seed2029/20260616_075639_TRITSPEvaluation_BMAB-full,9,9,0,0.0,18.0,46,4,37,0.8043478260869565
hybrid_reward,bi_cvrp,100,2025,18952.026184418355,100.0,100.0,21625.243480164154,8,100,/Users/huyvan/Downloads/GenAIThesis/week7+8+9/MPaGE/mpage_bmab/experiments/results/hybrid_reward/bi_cvrp/B100/seed2025/20260620_065503_BICVRPEvaluation_BMAB-hybrid_reward,11,11,0,0.0,11.0,91,9,80,0.8791208791208791
hybrid_reward,bi_cvrp,100,2026,14574.005420461557,100.0,100.0,17045.99306713158,8,100,/Users/huyvan/Downloads/GenAIThesis/week7+8+9/MPaGE/mpage_bmab/experiments/results/hybrid_reward/bi_cvrp/B100/seed2026/20260620_071734_BICVRPEvaluation_BMAB-hybrid_reward,11,11,0,0.0,11.0,92,8,81,0.8804347826086957
hybrid_reward,bi_cvrp,100,2027,14189.644763482953,100.0,100.0,17217.21684597094,8,100,/Users/huyvan/Downloads/GenAIThesis/week7+8+9/MPaGE/mpage_bmab/experiments/results/hybrid_reward/bi_cvrp/B100/seed2027/20260620_073842_BICVRPEvaluation_BMAB-hybrid_reward,14,14,0,0.0,14.000000000000002,92,8,78,0.8478260869565217
hybrid_reward,bi_cvrp,100,2028,17118.610725335024,100.0,100.0,19963.6022727521,8,100,/Users/huyvan/Downloads/GenAIThesis/week7+8+9/MPaGE/mpage_bmab/experiments/results/hybrid_reward/bi_cvrp/B100/seed2028/20260620_080131_BICVRPEvaluation_BMAB-hybrid_reward,15,15,0,0.0,15.0,92,8,77,0.8369565217391305
hybrid_reward,bi_cvrp,100,2029,15018.88730008534,100.0,100.0,17669.279176570984,8,100,/Users/huyvan/Downloads/GenAIThesis/week7+8+9/MPaGE/mpage_bmab/experiments/results/hybrid_reward/bi_cvrp/B100/seed2029/20260620_082757_BICVRPEvaluation_BMAB-hybrid_reward,11,11,0,0.0,11.0,92,8,81,0.8804347826086957
hybrid_reward,bi_cvrp,200,2025,18824.666261925548,200.0,200.0,19877.246322911797,10,200,/Users/huyvan/Downloads/GenAIThesis/week7+8+9/MPaGE/mpage_bmab/experiments/results/hybrid_reward/bi_cvrp/B200/seed2025/20260620_085033_BICVRPEvaluation_BMAB-hybrid_reward,26,26,0,0.0,13.0,183,17,157,0.8579234972677595
hybrid_reward,bi_cvrp,200,2026,15414.848234591,200.0,200.0,17368.8430812293,10,200,/Users/huyvan/Downloads/GenAIThesis/week7+8+9/MPaGE/mpage_bmab/experiments/results/hybrid_reward/bi_cvrp/B200/seed2026/20260620_094029_BICVRPEvaluation_BMAB-hybrid_reward,14,14,0,0.0,7.000000000000001,186,14,172,0.9247311827956989
hybrid_reward,bi_cvrp,200,2027,16221.629155638882,200.0,200.0,18248.085165757042,10,200,/Users/huyvan/Downloads/GenAIThesis/week7+8+9/MPaGE/mpage_bmab/experiments/results/hybrid_reward/bi_cvrp/B200/seed2027/20260620_103232_BICVRPEvaluation_BMAB-hybrid_reward,27,27,0,0.0,13.5,185,15,158,0.8540540540540541
hybrid_reward,bi_cvrp,200,2028,17726.31822634442,200.0,200.0,19536.667243075142,10,200,/Users/huyvan/Downloads/GenAIThesis/week7+8+9/MPaGE/mpage_bmab/experiments/results/hybrid_reward/bi_cvrp/B200/seed2028/20260620_135446_BICVRPEvaluation_BMAB-hybrid_reward,24,24,0,0.0,12.0,185,15,161,0.8702702702702703
hybrid_reward,bi_cvrp,200,2029,15741.997069775925,200.0,200.0,17596.496956797844,10,200,/Users/huyvan/Downloads/GenAIThesis/week7+8+9/MPaGE/mpage_bmab/experiments/results/hybrid_reward/bi_cvrp/B200/seed2029/20260620_144546_BICVRPEvaluation_BMAB-hybrid_reward,19,19,0,0.0,9.5,185,15,166,0.8972972972972973
hybrid_reward,bi_cvrp,25,2025,11816.54349513001,25.0,25.0,19058.941121177435,4,25,/Users/huyvan/Downloads/GenAIThesis/week7+8+9/MPaGE/mpage_bmab/experiments/results/hybrid_reward/bi_cvrp/B25/seed2025/20260620_050930_BICVRPEvaluation_BMAB-hybrid_reward,4,4,0,0.0,16.0,24,1,20,0.8333333333333334
hybrid_reward,bi_cvrp,25,2026,11161.755342733246,25.0,25.0,14306.354171282901,4,25,/Users/huyvan/Downloads/GenAIThesis/week7+8+9/MPaGE/mpage_bmab/experiments/results/hybrid_reward/bi_cvrp/B25/seed2026/20260620_051409_BICVRPEvaluation_BMAB-hybrid_reward,6,6,0,0.0,24.0,21,4,15,0.7142857142857143
hybrid_reward,bi_cvrp,25,2027,7562.103306980759,25.0,25.0,15124.20661396152,4,25,/Users/huyvan/Downloads/GenAIThesis/week7+8+9/MPaGE/mpage_bmab/experiments/results/hybrid_reward/bi_cvrp/B25/seed2027/20260620_051756_BICVRPEvaluation_BMAB-hybrid_reward,4,4,0,0.0,16.0,25,0,21,0.84
hybrid_reward,bi_cvrp,25,2028,8284.12454274766,25.0,25.0,14793.079540620824,4,25,/Users/huyvan/Downloads/GenAIThesis/week7+8+9/MPaGE/mpage_bmab/experiments/results/hybrid_reward/bi_cvrp/B25/seed2028/20260620_052519_BICVRPEvaluation_BMAB-hybrid_reward,4,4,0,0.0,16.0,24,1,20,0.8333333333333334
hybrid_reward,bi_cvrp,25,2029,16496.582073188125,25.0,25.0,17931.06747085666,4,25,/Users/huyvan/Downloads/GenAIThesis/week7+8+9/MPaGE/mpage_bmab/experiments/results/hybrid_reward/bi_cvrp/B25/seed2029/20260620_053324_BICVRPEvaluation_BMAB-hybrid_reward,4,4,0,0.0,16.0,21,4,17,0.8095238095238095
hybrid_reward,bi_cvrp,50,2025,12355.172162882407,50.0,50.0,15443.965203603006,6,50,/Users/huyvan/Downloads/GenAIThesis/week7+8+9/MPaGE/mpage_bmab/experiments/results/hybrid_reward/bi_cvrp/B50/seed2025/20260620_134355_BICVRPEvaluation_BMAB-hybrid_reward,9,9,0,0.0,18.0,45,5,36,0.8
hybrid_reward,bi_cvrp,50,2026,15174.40626105463,50.0,50.0,17853.38223187508,6,50,/Users/huyvan/Downloads/GenAIThesis/week7+8+9/MPaGE/mpage_bmab/experiments/results/hybrid_reward/bi_cvrp/B50/seed2026/20260620_060911_BICVRPEvaluation_BMAB-hybrid_reward,7,7,0,0.0,14.000000000000002,45,5,38,0.8444444444444444
hybrid_reward,bi_cvrp,50,2027,12878.251784846732,50.0,50.0,17171.002379795642,6,50,/Users/huyvan/Downloads/GenAIThesis/week7+8+9/MPaGE/mpage_bmab/experiments/results/hybrid_reward/bi_cvrp/B50/seed2027/20260620_061819_BICVRPEvaluation_BMAB-hybrid_reward,7,7,0,0.0,14.000000000000002,46,4,39,0.8478260869565217
hybrid_reward,bi_cvrp,50,2028,12302.046929989941,50.0,50.0,16852.119082178004,6,50,/Users/huyvan/Downloads/GenAIThesis/week7+8+9/MPaGE/mpage_bmab/experiments/results/hybrid_reward/bi_cvrp/B50/seed2028/20260620_062900_BICVRPEvaluation_BMAB-hybrid_reward,6,6,0,0.0,12.0,46,4,40,0.8695652173913043
hybrid_reward,bi_cvrp,50,2029,14497.648888272755,50.0,50.0,17259.10581937233,6,50,/Users/huyvan/Downloads/GenAIThesis/week7+8+9/MPaGE/mpage_bmab/experiments/results/hybrid_reward/bi_cvrp/B50/seed2029/20260620_064421_BICVRPEvaluation_BMAB-hybrid_reward,8,8,0,0.0,16.0,45,5,37,0.8222222222222222
hybrid_reward,bi_kp,100,2025,23913.035087107037,100.0,100.0,36043.26221588793,8,100,/Users/huyvan/Downloads/GenAIThesis/week7+8+9/MPaGE/mpage_bmab/experiments/results/hybrid_reward/bi_kp/B100/seed2025/20260620_171122_BIKPEvaluation_BMAB-hybrid_reward,19,19,0,0.0,19.0,91,9,72,0.7912087912087912
hybrid_reward,bi_kp,100,2026,34082.11703707933,100.0,100.0,36845.53193197765,8,100,/Users/huyvan/Downloads/GenAIThesis/week7+8+9/MPaGE/mpage_bmab/experiments/results/hybrid_reward/bi_kp/B100/seed2026/20260620_174002_BIKPEvaluation_BMAB-hybrid_reward,15,15,0,0.0,15.0,90,10,75,0.8333333333333334
hybrid_reward,bi_kp,100,2027,7031.56595877608,100.0,100.0,31360.448568940577,8,100,/Users/huyvan/Downloads/GenAIThesis/week7+8+9/MPaGE/mpage_bmab/experiments/results/hybrid_reward/bi_kp/B100/seed2027/20260620_180444_BIKPEvaluation_BMAB-hybrid_reward,11,11,0,0.0,11.0,90,10,79,0.8777777777777778
hybrid_reward,bi_kp,100,2028,31672.42362014472,100.0,100.0,39628.78893708956,8,100,/Users/huyvan/Downloads/GenAIThesis/week7+8+9/MPaGE/mpage_bmab/experiments/results/hybrid_reward/bi_kp/B100/seed2028/20260620_185322_BIKPEvaluation_BMAB-hybrid_reward,14,14,0,0.0,14.000000000000002,91,9,77,0.8461538461538461
hybrid_reward,bi_kp,100,2029,31503.19247539771,100.0,100.0,37936.85644219734,8,100,/Users/huyvan/Downloads/GenAIThesis/week7+8+9/MPaGE/mpage_bmab/experiments/results/hybrid_reward/bi_kp/B100/seed2029/20260620_191922_BIKPEvaluation_BMAB-hybrid_reward,13,13,0,0.0,13.0,90,10,77,0.8555555555555555
hybrid_reward,bi_kp,200,2025,32295.974782924168,200.0,200.0,37231.298659151784,10,200,/Users/huyvan/Downloads/GenAIThesis/week7+8+9/MPaGE/mpage_bmab/experiments/results/hybrid_reward/bi_kp/B200/seed2025/20260620_194543_BIKPEvaluation_BMAB-hybrid_reward,26,26,0,0.0,13.0,183,17,157,0.8579234972677595
hybrid_reward,bi_kp,200,2026,32775.231024503126,200.0,200.0,36375.041019270604,10,200,/Users/huyvan/Downloads/GenAIThesis/week7+8+9/MPaGE/mpage_bmab/experiments/results/hybrid_reward/bi_kp/B200/seed2026/20260620_202942_BIKPEvaluation_BMAB-hybrid_reward,24,24,0,0.0,12.0,183,17,159,0.8688524590163934
hybrid_reward,bi_kp,200,2027,35546.728899702335,200.0,200.0,40515.76651551571,10,200,/Users/huyvan/Downloads/GenAIThesis/week7+8+9/MPaGE/mpage_bmab/experiments/results/hybrid_reward/bi_kp/B200/seed2027/20260620_212628_BIKPEvaluation_BMAB-hybrid_reward,26,26,0,0.0,13.0,184,16,158,0.8586956521739131
hybrid_reward,bi_kp,200,2028,34877.690666056,200.0,200.0,37268.218377825826,10,200,/Users/huyvan/Downloads/GenAIThesis/week7+8+9/MPaGE/mpage_bmab/experiments/results/hybrid_reward/bi_kp/B200/seed2028/20260620_221259_BIKPEvaluation_BMAB-hybrid_reward,27,27,0,0.0,13.5,184,16,157,0.8532608695652174
hybrid_reward,bi_kp,200,2029,32883.63015348728,200.0,200.0,35175.44315493359,10,200,/Users/huyvan/Downloads/GenAIThesis/week7+8+9/MPaGE/mpage_bmab/experiments/results/hybrid_reward/bi_kp/B200/seed2029/20260620_230310_BIKPEvaluation_BMAB-hybrid_reward,24,24,0,0.0,12.0,184,16,160,0.8695652173913043
hybrid_reward,bi_kp,25,2025,14109.107172051803,25.0,25.0,38591.32254341962,4,25,/Users/huyvan/Downloads/GenAIThesis/week7+8+9/MPaGE/mpage_bmab/experiments/results/hybrid_reward/bi_kp/B25/seed2025/20260620_152711_BIKPEvaluation_BMAB-hybrid_reward,5,5,0,0.0,20.0,21,4,16,0.7619047619047619
hybrid_reward,bi_kp,25,2026,25453.424530402874,25.0,25.0,29953.252959027515,4,25,/Users/huyvan/Downloads/GenAIThesis/week7+8+9/MPaGE/mpage_bmab/experiments/results/hybrid_reward/bi_kp/B25/seed2026/20260620_153141_BIKPEvaluation_BMAB-hybrid_reward,6,6,0,0.0,24.0,21,4,15,0.7142857142857143
hybrid_reward,bi_kp,25,2027,23844.717588765874,25.0,25.0,27726.415800890547,4,25,/Users/huyvan/Downloads/GenAIThesis/week7+8+9/MPaGE/mpage_bmab/experiments/results/hybrid_reward/bi_kp/B25/seed2027/20260620_153831_BIKPEvaluation_BMAB-hybrid_reward,4,4,0,0.0,16.0,21,4,17,0.8095238095238095
hybrid_reward,bi_kp,25,2028,12913.039373330366,25.0,25.0,33588.345622521636,4,25,/Users/huyvan/Downloads/GenAIThesis/week7+8+9/MPaGE/mpage_bmab/experiments/results/hybrid_reward/bi_kp/B25/seed2028/20260620_154614_BIKPEvaluation_BMAB-hybrid_reward,6,6,0,0.0,24.0,21,4,15,0.7142857142857143
hybrid_reward,bi_kp,25,2029,25871.831273878106,25.0,25.0,32247.052174715616,4,25,/Users/huyvan/Downloads/GenAIThesis/week7+8+9/MPaGE/mpage_bmab/experiments/results/hybrid_reward/bi_kp/B25/seed2029/20260620_155209_BIKPEvaluation_BMAB-hybrid_reward,5,5,0,0.0,20.0,21,4,16,0.7619047619047619
hybrid_reward,bi_kp,50,2025,29599.450190265878,50.0,50.0,33635.73885257486,6,50,/Users/huyvan/Downloads/GenAIThesis/week7+8+9/MPaGE/mpage_bmab/experiments/results/hybrid_reward/bi_kp/B50/seed2025/20260620_155751_BIKPEvaluation_BMAB-hybrid_reward,8,8,0,0.0,16.0,44,6,36,0.8181818181818182
hybrid_reward,bi_kp,50,2026,35456.27090379509,50.0,50.0,38125.02247719902,6,50,/Users/huyvan/Downloads/GenAIThesis/week7+8+9/MPaGE/mpage_bmab/experiments/results/hybrid_reward/bi_kp/B50/seed2026/20260620_161021_BIKPEvaluation_BMAB-hybrid_reward,11,11,0,0.0,22.0,44,6,33,0.75
hybrid_reward,bi_kp,50,2027,31973.63907157096,50.0,50.0,36338.57670167064,6,50,/Users/huyvan/Downloads/GenAIThesis/week7+8+9/MPaGE/mpage_bmab/experiments/results/hybrid_reward/bi_kp/B50/seed2027/20260620_162245_BIKPEvaluation_BMAB-hybrid_reward,10,10,0,0.0,20.0,44,6,34,0.7727272727272727
hybrid_reward,bi_kp,50,2028,24505.779048204586,50.0,50.0,28495.091916516958,6,50,/Users/huyvan/Downloads/GenAIThesis/week7+8+9/MPaGE/mpage_bmab/experiments/results/hybrid_reward/bi_kp/B50/seed2028/20260620_163757_BIKPEvaluation_BMAB-hybrid_reward,7,7,0,0.0,14.000000000000002,45,5,38,0.8444444444444444
hybrid_reward,bi_kp,50,2029,28112.06107851584,50.0,50.0,31586.585481478476,6,50,/Users/huyvan/Downloads/GenAIThesis/week7+8+9/MPaGE/mpage_bmab/experiments/results/hybrid_reward/bi_kp/B50/seed2029/20260620_165645_BIKPEvaluation_BMAB-hybrid_reward,8,8,0,0.0,16.0,44,6,36,0.8181818181818182
hybrid_reward,bi_tsp,100,2025,13102.354311724532,100.0,100.0,15026.76690572185,8,100,/Users/huyvan/Downloads/GenAIThesis/week7+8+9/MPaGE/mpage_bmab/experiments/results/hybrid_reward/bi_tsp/B100/seed2025/20260619_061817_BITSPEvaluation_BMAB-hybrid_reward,27,27,0,0.0,27.0,91,9,64,0.7032967032967034
hybrid_reward,bi_tsp,100,2026,13362.22897208674,100.0,100.0,14086.296129674738,8,100,/Users/huyvan/Downloads/GenAIThesis/week7+8+9/MPaGE/mpage_bmab/experiments/results/hybrid_reward/bi_tsp/B100/seed2026/20260619_063102_BITSPEvaluation_BMAB-hybrid_reward,15,15,0,0.0,15.0,90,10,75,0.8333333333333334
hybrid_reward,bi_tsp,100,2027,13871.605858235593,100.0,100.0,15077.136439509914,8,100,/Users/huyvan/Downloads/GenAIThesis/week7+8+9/MPaGE/mpage_bmab/experiments/results/hybrid_reward/bi_tsp/B100/seed2027/20260619_064248_BITSPEvaluation_BMAB-hybrid_reward,31,31,0,0.0,31.0,90,10,59,0.6555555555555556
hybrid_reward,bi_tsp,100,2028,14384.019688599019,100.0,100.0,15144.28598678801,8,100,/Users/huyvan/Downloads/GenAIThesis/week7+8+9/MPaGE/mpage_bmab/experiments/results/hybrid_reward/bi_tsp/B100/seed2028/20260619_065534_BITSPEvaluation_BMAB-hybrid_reward,27,27,0,0.0,27.0,90,10,63,0.7
hybrid_reward,bi_tsp,100,2029,14256.981287053412,100.0,100.0,15447.150374505738,8,100,/Users/huyvan/Downloads/GenAIThesis/week7+8+9/MPaGE/mpage_bmab/experiments/results/hybrid_reward/bi_tsp/B100/seed2029/20260619_071109_BITSPEvaluation_BMAB-hybrid_reward,20,20,0,0.0,20.0,90,10,70,0.7777777777777778
hybrid_reward,bi_tsp,200,2025,13945.275500678918,200.0,200.0,14956.66861527939,10,200,/Users/huyvan/Downloads/GenAIThesis/week7+8+9/MPaGE/mpage_bmab/experiments/results/hybrid_reward/bi_tsp/B200/seed2025/20260619_073050_BITSPEvaluation_BMAB-hybrid_reward,35,35,0,0.0,17.5,183,17,148,0.8087431693989071
hybrid_reward,bi_tsp,200,2026,13904.3761676527,200.0,200.0,14757.212049620752,10,200,/Users/huyvan/Downloads/GenAIThesis/week7+8+9/MPaGE/mpage_bmab/experiments/results/hybrid_reward/bi_tsp/B200/seed2026/20260619_075718_BITSPEvaluation_BMAB-hybrid_reward,41,41,0,0.0,20.5,183,17,142,0.7759562841530054
hybrid_reward,bi_tsp,200,2027,14285.21312280993,200.0,200.0,15195.778872042887,10,200,/Users/huyvan/Downloads/GenAIThesis/week7+8+9/MPaGE/mpage_bmab/experiments/results/hybrid_reward/bi_tsp/B200/seed2027/20260619_082605_BITSPEvaluation_BMAB-hybrid_reward,51,51,0,0.0,25.5,183,17,132,0.7213114754098361
hybrid_reward,bi_tsp,200,2028,14455.592404197065,200.0,200.0,15230.747565686574,10,200,/Users/huyvan/Downloads/GenAIThesis/week7+8+9/MPaGE/mpage_bmab/experiments/results/hybrid_reward/bi_tsp/B200/seed2028/20260619_085710_BITSPEvaluation_BMAB-hybrid_reward,56,56,0,0.0,28.000000000000004,183,17,127,0.6939890710382514
hybrid_reward,bi_tsp,200,2029,14429.413110457303,200.0,200.0,15126.592847119424,10,200,/Users/huyvan/Downloads/GenAIThesis/week7+8+9/MPaGE/mpage_bmab/experiments/results/hybrid_reward/bi_tsp/B200/seed2029/20260619_093122_BITSPEvaluation_BMAB-hybrid_reward,42,42,0,0.0,21.0,183,17,141,0.7704918032786885
hybrid_reward,bi_tsp,25,2025,12557.741945931783,25.0,25.0,14270.161302195207,4,25,/Users/huyvan/Downloads/GenAIThesis/week7+8+9/MPaGE/mpage_bmab/experiments/results/hybrid_reward/bi_tsp/B25/seed2025/20260619_052843_BITSPEvaluation_BMAB-hybrid_reward,4,4,0,0.0,16.0,21,4,17,0.8095238095238095
hybrid_reward,bi_tsp,25,2026,12895.581480476088,25.0,25.0,15008.916099904145,4,25,/Users/huyvan/Downloads/GenAIThesis/week7+8+9/MPaGE/mpage_bmab/experiments/results/hybrid_reward/bi_tsp/B25/seed2026/20260619_053159_BITSPEvaluation_BMAB-hybrid_reward,9,9,0,0.0,36.0,21,4,12,0.5714285714285714
hybrid_reward,bi_tsp,25,2027,12389.347404389126,25.0,25.0,14156.779336612526,4,25,/Users/huyvan/Downloads/GenAIThesis/week7+8+9/MPaGE/mpage_bmab/experiments/results/hybrid_reward/bi_tsp/B25/seed2027/20260619_053500_BITSPEvaluation_BMAB-hybrid_reward,5,5,0,0.0,20.0,21,4,16,0.7619047619047619
hybrid_reward,bi_tsp,25,2028,12043.926213965915,25.0,25.0,14340.888220452813,4,25,/Users/huyvan/Downloads/GenAIThesis/week7+8+9/MPaGE/mpage_bmab/experiments/results/hybrid_reward/bi_tsp/B25/seed2028/20260619_053748_BITSPEvaluation_BMAB-hybrid_reward,6,6,0,0.0,24.0,21,4,15,0.7142857142857143
hybrid_reward,bi_tsp,25,2029,10838.920015204958,25.0,25.0,14647.18920973643,4,25,/Users/huyvan/Downloads/GenAIThesis/week7+8+9/MPaGE/mpage_bmab/experiments/results/hybrid_reward/bi_tsp/B25/seed2029/20260619_054033_BITSPEvaluation_BMAB-hybrid_reward,5,5,0,0.0,20.0,22,3,17,0.7727272727272727
hybrid_reward,bi_tsp,50,2025,11254.515116628785,50.0,50.0,14478.315550129413,6,50,/Users/huyvan/Downloads/GenAIThesis/week7+8+9/MPaGE/mpage_bmab/experiments/results/hybrid_reward/bi_tsp/B50/seed2025/20260619_054332_BITSPEvaluation_BMAB-hybrid_reward,12,12,0,0.0,24.0,46,4,34,0.7391304347826086
hybrid_reward,bi_tsp,50,2026,12329.496272915392,50.0,50.0,14367.419851876424,6,50,/Users/huyvan/Downloads/GenAIThesis/week7+8+9/MPaGE/mpage_bmab/experiments/results/hybrid_reward/bi_tsp/B50/seed2026/20260619_055007_BITSPEvaluation_BMAB-hybrid_reward,13,13,0,0.0,26.0,44,6,31,0.7045454545454546
hybrid_reward,bi_tsp,50,2027,13670.03014470003,50.0,50.0,14897.685198019086,6,50,/Users/huyvan/Downloads/GenAIThesis/week7+8+9/MPaGE/mpage_bmab/experiments/results/hybrid_reward/bi_tsp/B50/seed2027/20260619_055806_BITSPEvaluation_BMAB-hybrid_reward,17,17,0,0.0,34.0,44,6,27,0.6136363636363636
hybrid_reward,bi_tsp,50,2028,12792.610038130135,50.0,50.0,15066.262338956425,6,50,/Users/huyvan/Downloads/GenAIThesis/week7+8+9/MPaGE/mpage_bmab/experiments/results/hybrid_reward/bi_tsp/B50/seed2028/20260619_060533_BITSPEvaluation_BMAB-hybrid_reward,12,12,0,0.0,24.0,45,5,33,0.7333333333333333
hybrid_reward,bi_tsp,50,2029,14209.776664694242,50.0,50.0,15297.860004740567,6,50,/Users/huyvan/Downloads/GenAIThesis/week7+8+9/MPaGE/mpage_bmab/experiments/results/hybrid_reward/bi_tsp/B50/seed2029/20260619_061132_BITSPEvaluation_BMAB-hybrid_reward,11,11,0,0.0,22.0,44,6,33,0.75
hybrid_reward,tri_tsp,100,2025,178976.90556760185,100.0,100.0,207662.69332238895,10,100,/Users/huyvan/Downloads/GenAIThesis/week7+8+9/MPaGE/mpage_bmab/experiments/results/hybrid_reward/tri_tsp/B100/seed2025/20260619_123651_TRITSPEvaluation_BMAB-hybrid_reward,12,12,0,0.0,12.0,93,7,81,0.8709677419354839
hybrid_reward,tri_tsp,100,2026,181574.51661465023,100.0,100.0,207513.733273886,10,100,/Users/huyvan/Downloads/GenAIThesis/week7+8+9/MPaGE/mpage_bmab/experiments/results/hybrid_reward/tri_tsp/B100/seed2026/20260619_130919_TRITSPEvaluation_BMAB-hybrid_reward,13,13,0,0.0,13.0,93,7,80,0.8602150537634409
hybrid_reward,tri_tsp,100,2027,171448.42861392512,100.0,100.0,207085.08216090378,10,100,/Users/huyvan/Downloads/GenAIThesis/week7+8+9/MPaGE/mpage_bmab/experiments/results/hybrid_reward/tri_tsp/B100/seed2027/20260619_133853_TRITSPEvaluation_BMAB-hybrid_reward,15,15,0,0.0,15.0,94,6,79,0.8404255319148937
hybrid_reward,tri_tsp,100,2028,179274.7210685145,100.0,100.0,207254.01279597057,10,100,/Users/huyvan/Downloads/GenAIThesis/week7+8+9/MPaGE/mpage_bmab/experiments/results/hybrid_reward/tri_tsp/B100/seed2028/20260619_141719_TRITSPEvaluation_BMAB-hybrid_reward,13,13,0,0.0,13.0,93,7,80,0.8602150537634409
hybrid_reward,tri_tsp,100,2029,179332.8078416522,100.0,100.0,206129.6641858071,10,100,/Users/huyvan/Downloads/GenAIThesis/week7+8+9/MPaGE/mpage_bmab/experiments/results/hybrid_reward/tri_tsp/B100/seed2029/20260619_145158_TRITSPEvaluation_BMAB-hybrid_reward,16,16,0,0.0,16.0,93,7,77,0.8279569892473119
hybrid_reward,tri_tsp,200,2025,189305.49467424452,200.0,200.0,207458.07635533653,12,200,/Users/huyvan/Downloads/GenAIThesis/week7+8+9/MPaGE/mpage_bmab/experiments/results/hybrid_reward/tri_tsp/B200/seed2025/20260619_152857_TRITSPEvaluation_BMAB-hybrid_reward,21,21,0,0.0,10.5,187,13,166,0.8877005347593583
hybrid_reward,tri_tsp,200,2026,184034.90102583967,200.0,200.0,207962.93022066934,12,200,/Users/huyvan/Downloads/GenAIThesis/week7+8+9/MPaGE/mpage_bmab/experiments/results/hybrid_reward/tri_tsp/B200/seed2026/20260620_012658_TRITSPEvaluation_BMAB-hybrid_reward,17,17,0,0.0,8.5,188,12,171,0.9095744680851063
hybrid_reward,tri_tsp,200,2027,190693.49315114666,200.0,200.0,207324.7128694393,12,200,/Users/huyvan/Downloads/GenAIThesis/week7+8+9/MPaGE/mpage_bmab/experiments/results/hybrid_reward/tri_tsp/B200/seed2027/20260620_022223_TRITSPEvaluation_BMAB-hybrid_reward,19,19,0,0.0,9.5,187,13,168,0.8983957219251337
hybrid_reward,tri_tsp,200,2028,195292.01109840494,200.0,200.0,206916.83348806784,12,200,/Users/huyvan/Downloads/GenAIThesis/week7+8+9/MPaGE/mpage_bmab/experiments/results/hybrid_reward/tri_tsp/B200/seed2028/20260620_032153_TRITSPEvaluation_BMAB-hybrid_reward,19,19,0,0.0,9.5,186,14,167,0.8978494623655914
hybrid_reward,tri_tsp,200,2029,187290.54366268747,200.0,200.0,206240.00044814724,12,200,/Users/huyvan/Downloads/GenAIThesis/week7+8+9/MPaGE/mpage_bmab/experiments/results/hybrid_reward/tri_tsp/B200/seed2029/20260620_041336_TRITSPEvaluation_BMAB-hybrid_reward,21,21,0,0.0,10.5,187,13,166,0.8877005347593583
hybrid_reward,tri_tsp,25,2025,152905.13810224255,25.0,25.0,206628.56500303047,6,25,/Users/huyvan/Downloads/GenAIThesis/week7+8+9/MPaGE/mpage_bmab/experiments/results/hybrid_reward/tri_tsp/B25/seed2025/20260619_095921_TRITSPEvaluation_BMAB-hybrid_reward,6,6,0,0.0,24.0,23,2,17,0.7391304347826086
hybrid_reward,tri_tsp,25,2026,144931.8119941971,25.0,25.0,207045.44570599587,6,25,/Users/huyvan/Downloads/GenAIThesis/week7+8+9/MPaGE/mpage_bmab/experiments/results/hybrid_reward/tri_tsp/B25/seed2026/20260619_101007_TRITSPEvaluation_BMAB-hybrid_reward,6,6,0,0.0,24.0,23,2,17,0.7391304347826086
hybrid_reward,tri_tsp,25,2027,157467.59329455753,25.0,25.0,207221.27151269923,6,25,/Users/huyvan/Downloads/GenAIThesis/week7+8+9/MPaGE/mpage_bmab/experiments/results/hybrid_reward/tri_tsp/B25/seed2027/20260619_101856_TRITSPEvaluation_BMAB-hybrid_reward,8,8,0,0.0,32.0,23,2,15,0.6521739130434783
hybrid_reward,tri_tsp,25,2028,166261.02558964447,25.0,25.0,207826.28198705558,6,25,/Users/huyvan/Downloads/GenAIThesis/week7+8+9/MPaGE/mpage_bmab/experiments/results/hybrid_reward/tri_tsp/B25/seed2028/20260619_103026_TRITSPEvaluation_BMAB-hybrid_reward,8,8,0,0.0,32.0,23,2,15,0.6521739130434783
hybrid_reward,tri_tsp,25,2029,165524.00130610683,25.0,25.0,206905.00163263353,6,25,/Users/huyvan/Downloads/GenAIThesis/week7+8+9/MPaGE/mpage_bmab/experiments/results/hybrid_reward/tri_tsp/B25/seed2029/20260619_104108_TRITSPEvaluation_BMAB-hybrid_reward,6,6,0,0.0,24.0,23,2,17,0.7391304347826086
hybrid_reward,tri_tsp,50,2025,155473.3809673356,50.0,50.0,207297.8412897808,8,50,/Users/huyvan/Downloads/GenAIThesis/week7+8+9/MPaGE/mpage_bmab/experiments/results/hybrid_reward/tri_tsp/B50/seed2025/20260619_105242_TRITSPEvaluation_BMAB-hybrid_reward,9,9,0,0.0,18.0,47,3,38,0.8085106382978723
hybrid_reward,tri_tsp,50,2026,149680.19725428114,50.0,50.0,207889.16285316827,8,50,/Users/huyvan/Downloads/GenAIThesis/week7+8+9/MPaGE/mpage_bmab/experiments/results/hybrid_reward/tri_tsp/B50/seed2026/20260619_111239_TRITSPEvaluation_BMAB-hybrid_reward,12,12,0,0.0,24.0,47,3,35,0.7446808510638298
hybrid_reward,tri_tsp,50,2027,176097.8393804083,50.0,50.0,207173.9286828333,8,50,/Users/huyvan/Downloads/GenAIThesis/week7+8+9/MPaGE/mpage_bmab/experiments/results/hybrid_reward/tri_tsp/B50/seed2027/20260619_113243_TRITSPEvaluation_BMAB-hybrid_reward,11,11,0,0.0,22.0,46,4,35,0.7608695652173914
hybrid_reward,tri_tsp,50,2028,167590.29372417074,50.0,50.0,206902.44975234175,8,50,/Users/huyvan/Downloads/GenAIThesis/week7+8+9/MPaGE/mpage_bmab/experiments/results/hybrid_reward/tri_tsp/B50/seed2028/20260619_115146_TRITSPEvaluation_BMAB-hybrid_reward,11,11,0,0.0,22.0,46,4,35,0.7608695652173914
hybrid_reward,tri_tsp,50,2029,170140.32322913996,50.0,50.0,207511.9351440576,8,50,/Users/huyvan/Downloads/GenAIThesis/week7+8+9/MPaGE/mpage_bmab/experiments/results/hybrid_reward/tri_tsp/B50/seed2029/20260619_121634_TRITSPEvaluation_BMAB-hybrid_reward,12,12,0,0.0,24.0,46,4,34,0.7391304347826086
mpage_orig,bi_cvrp,100,2025,11642.578790938058,100.0,100.0,18191.529360840734,8,1,/Users/huyvan/Downloads/GenAIThesis/week7+8+9/MPaGE/mpage_bmab/experiments/results/mpage_orig/bi_cvrp/B100/seed2025/20260526_151907_BICVRPEvaluation_MPaGE-orig,26,12,14,0.5384615384615384,12.0,,,,0.5384615384615384
mpage_orig,bi_cvrp,100,2026,14425.472892086445,100.0,100.0,19233.963856115297,8,1,/Users/huyvan/Downloads/GenAIThesis/week7+8+9/MPaGE/mpage_bmab/experiments/results/mpage_orig/bi_cvrp/B100/seed2026/20260526_154806_BICVRPEvaluation_MPaGE-orig,20,8,12,0.6,8.0,,,,0.6
mpage_orig,bi_cvrp,100,2027,11431.475469254196,100.0,100.0,18740.123720088854,8,1,/Users/huyvan/Downloads/GenAIThesis/week7+8+9/MPaGE/mpage_bmab/experiments/results/mpage_orig/bi_cvrp/B100/seed2027/20260526_161425_BICVRPEvaluation_MPaGE-orig,23,10,13,0.5652173913043478,10.0,,,,0.5652173913043478
mpage_orig,bi_cvrp,100,2028,10992.309800024233,100.0,100.0,15267.09694447809,8,1,/Users/huyvan/Downloads/GenAIThesis/week7+8+9/MPaGE/mpage_bmab/experiments/results/mpage_orig/bi_cvrp/B100/seed2028/20260526_164006_BICVRPEvaluation_MPaGE-orig,24,12,12,0.5,12.0,,,,0.5
mpage_orig,bi_cvrp,100,2029,12566.853593294867,100.0,100.0,19333.62091276133,8,1,/Users/huyvan/Downloads/GenAIThesis/week7+8+9/MPaGE/mpage_bmab/experiments/results/mpage_orig/bi_cvrp/B100/seed2029/20260526_170422_BICVRPEvaluation_MPaGE-orig,26,15,11,0.4230769230769231,15.0,,,,0.4230769230769231
mpage_orig,bi_cvrp,200,2025,11322.390316398576,200.0,200.0,17691.23486937278,10,1,/Users/huyvan/Downloads/GenAIThesis/week7+8+9/MPaGE/mpage_bmab/experiments/results/mpage_orig/bi_cvrp/B200/seed2025/20260526_173514_BICVRPEvaluation_MPaGE-orig,39,17,22,0.5641025641025641,8.5,,,,0.5641025641025641
mpage_orig,bi_cvrp,200,2026,15099.611159057948,200.0,200.0,19235.173451029237,10,1,/Users/huyvan/Downloads/GenAIThesis/week7+8+9/MPaGE/mpage_bmab/experiments/results/mpage_orig/bi_cvrp/B200/seed2026/20260526_183211_BICVRPEvaluation_MPaGE-orig,33,17,16,0.48484848484848486,8.5,,,,0.48484848484848486
mpage_orig,bi_cvrp,200,2027,15985.820277892295,200.0,200.0,18942.030775127965,10,1,/Users/huyvan/Downloads/GenAIThesis/week7+8+9/MPaGE/mpage_bmab/experiments/results/mpage_orig/bi_cvrp/B200/seed2027/20260526_191542_BICVRPEvaluation_MPaGE-orig,33,21,12,0.36363636363636365,10.5,,,,0.36363636363636365
mpage_orig,bi_cvrp,200,2028,11543.8246410658,200.0,200.0,15189.2429487708,10,1,/Users/huyvan/Downloads/GenAIThesis/week7+8+9/MPaGE/mpage_bmab/experiments/results/mpage_orig/bi_cvrp/B200/seed2028/20260526_200049_BICVRPEvaluation_MPaGE-orig,31,14,17,0.5483870967741935,7.000000000000001,,,,0.5483870967741935
mpage_orig,bi_cvrp,200,2029,12745.284632697832,200.0,200.0,14994.45250905624,10,1,/Users/huyvan/Downloads/GenAIThesis/week7+8+9/MPaGE/mpage_bmab/experiments/results/mpage_orig/bi_cvrp/B200/seed2029/20260526_205018_BICVRPEvaluation_MPaGE-orig,31,17,14,0.45161290322580644,8.5,,,,0.45161290322580644
mpage_orig,bi_cvrp,25,2025,4525.1352660565535,25.0,25.0,16161.197378773408,4,1,/Users/huyvan/Downloads/GenAIThesis/week7+8+9/MPaGE/mpage_bmab/experiments/results/mpage_orig/bi_cvrp/B25/seed2025/20260526_131017_BICVRPEvaluation_MPaGE-orig,10,6,4,0.4,24.0,,,,0.4
mpage_orig,bi_cvrp,25,2026,3611.0523350491712,25.0,25.0,4751.384651380488,4,1,/Users/huyvan/Downloads/GenAIThesis/week7+8+9/MPaGE/mpage_bmab/experiments/results/mpage_orig/bi_cvrp/B25/seed2026/20260526_131910_BICVRPEvaluation_MPaGE-orig,9,7,2,0.2222222222222222,28.000000000000004,,,,0.2222222222222222
mpage_orig,bi_cvrp,25,2027,9200.331825616564,25.0,25.0,15333.886376027609,4,1,/Users/huyvan/Downloads/GenAIThesis/week7+8+9/MPaGE/mpage_bmab/experiments/results/mpage_orig/bi_cvrp/B25/seed2027/20260526_132610_BICVRPEvaluation_MPaGE-orig,7,4,3,0.42857142857142855,16.0,,,,0.42857142857142855
mpage_orig,bi_cvrp,25,2028,9205.275233488775,25.0,25.0,17702.452372093794,4,1,/Users/huyvan/Downloads/GenAIThesis/week7+8+9/MPaGE/mpage_bmab/experiments/results/mpage_orig/bi_cvrp/B25/seed2028/20260526_133327_BICVRPEvaluation_MPaGE-orig,5,4,1,0.2,16.0,,,,0.2
mpage_orig,bi_cvrp,25,2029,10071.70429498366,25.0,25.0,17985.18624104225,4,1,/Users/huyvan/Downloads/GenAIThesis/week7+8+9/MPaGE/mpage_bmab/experiments/results/mpage_orig/bi_cvrp/B25/seed2029/20260526_134202_BICVRPEvaluation_MPaGE-orig,8,5,3,0.375,20.0,,,,0.375
mpage_orig,bi_cvrp,50,2025,10099.447545711615,50.0,50.0,17412.840596054517,6,1,/Users/huyvan/Downloads/GenAIThesis/week7+8+9/MPaGE/mpage_bmab/experiments/results/mpage_orig/bi_cvrp/B50/seed2025/20260526_134909_BICVRPEvaluation_MPaGE-orig,11,7,4,0.36363636363636365,14.000000000000002,,,,0.36363636363636365
mpage_orig,bi_cvrp,50,2026,9098.50732986523,50.0,50.0,19779.36376057659,6,1,/Users/huyvan/Downloads/GenAIThesis/week7+8+9/MPaGE/mpage_bmab/experiments/results/mpage_orig/bi_cvrp/B50/seed2026/20260526_140317_BICVRPEvaluation_MPaGE-orig,19,9,10,0.5263157894736842,18.0,,,,0.5263157894736842
mpage_orig,bi_cvrp,50,2027,6393.996997874462,50.0,50.0,13320.82707890513,6,1,/Users/huyvan/Downloads/GenAIThesis/week7+8+9/MPaGE/mpage_bmab/experiments/results/mpage_orig/bi_cvrp/B50/seed2027/20260526_142333_BICVRPEvaluation_MPaGE-orig,15,7,8,0.5333333333333333,14.000000000000002,,,,0.5333333333333333
mpage_orig,bi_cvrp,50,2028,3435.6988364606946,50.0,50.0,13214.226294079594,6,1,/Users/huyvan/Downloads/GenAIThesis/week7+8+9/MPaGE/mpage_bmab/experiments/results/mpage_orig/bi_cvrp/B50/seed2028/20260526_143839_BICVRPEvaluation_MPaGE-orig,22,7,15,0.6818181818181818,14.000000000000002,,,,0.6818181818181818
mpage_orig,bi_cvrp,50,2029,8403.552685705881,50.0,50.0,17507.401428553923,6,1,/Users/huyvan/Downloads/GenAIThesis/week7+8+9/MPaGE/mpage_bmab/experiments/results/mpage_orig/bi_cvrp/B50/seed2029/20260526_150044_BICVRPEvaluation_MPaGE-orig,14,8,6,0.42857142857142855,16.0,,,,0.42857142857142855
mpage_orig,bi_kp,100,2025,31796.066129546547,100.0,100.0,35328.96236616288,8,1,/Users/huyvan/Downloads/GenAIThesis/week7+8+9/MPaGE/mpage_bmab/experiments/results/mpage_orig/bi_kp/B100/seed2025/20260527_114230_BIKPEvaluation_MPaGE-orig,13,10,3,0.23076923076923078,10.0,,,,0.23076923076923078
mpage_orig,bi_kp,100,2026,8831.542273636856,100.0,100.0,10640.412377875713,8,1,/Users/huyvan/Downloads/GenAIThesis/week7+8+9/MPaGE/mpage_bmab/experiments/results/mpage_orig/bi_kp/B100/seed2026/20260527_120458_BIKPEvaluation_MPaGE-orig,22,13,9,0.4090909090909091,13.0,,,,0.4090909090909091
mpage_orig,bi_kp,100,2027,13868.004198334529,100.0,100.0,16125.586277133189,8,1,/Users/huyvan/Downloads/GenAIThesis/week7+8+9/MPaGE/mpage_bmab/experiments/results/mpage_orig/bi_kp/B100/seed2027/20260527_123302_BIKPEvaluation_MPaGE-orig,15,13,2,0.13333333333333333,13.0,,,,0.13333333333333333
mpage_orig,bi_kp,100,2028,31253.72832799814,100.0,100.0,38584.84978765202,8,1,/Users/huyvan/Downloads/GenAIThesis/week7+8+9/MPaGE/mpage_bmab/experiments/results/mpage_orig/bi_kp/B100/seed2028/20260527_125308_BIKPEvaluation_MPaGE-orig,18,13,5,0.2777777777777778,13.0,,,,0.2777777777777778
mpage_orig,bi_kp,100,2029,29481.170916229476,100.0,100.0,35519.4830316018,8,1,/Users/huyvan/Downloads/GenAIThesis/week7+8+9/MPaGE/mpage_bmab/experiments/results/mpage_orig/bi_kp/B100/seed2029/20260527_131422_BIKPEvaluation_MPaGE-orig,16,9,7,0.4375,9.0,,,,0.4375
mpage_orig,bi_kp,200,2025,31094.84757305008,200.0,200.0,35383.50515246197,10,1,/Users/huyvan/Downloads/GenAIThesis/week7+8+9/MPaGE/mpage_bmab/experiments/results/mpage_orig/bi_kp/B200/seed2025/20260527_133708_BIKPEvaluation_MPaGE-orig,37,21,16,0.43243243243243246,10.5,,,,0.43243243243243246
mpage_orig,bi_kp,200,2026,14817.27000519778,200.0,200.0,16018.67027588953,10,1,/Users/huyvan/Downloads/GenAIThesis/week7+8+9/MPaGE/mpage_bmab/experiments/results/mpage_orig/bi_kp/B200/seed2026/20260527_144525_BIKPEvaluation_MPaGE-orig,19,12,7,0.3684210526315789,6.0,,,,0.3684210526315789
mpage_orig,bi_kp,200,2027,20672.469590159795,200.0,200.0,29249.209906250933,10,1,/Users/huyvan/Downloads/GenAIThesis/week7+8+9/MPaGE/mpage_bmab/experiments/results/mpage_orig/bi_kp/B200/seed2027/20260527_152334_BIKPEvaluation_MPaGE-orig,36,22,14,0.3888888888888889,11.0,,,,0.3888888888888889
mpage_orig,bi_kp,200,2028,32487.315409428058,200.0,200.0,38220.371069915316,10,1,/Users/huyvan/Downloads/GenAIThesis/week7+8+9/MPaGE/mpage_bmab/experiments/results/mpage_orig/bi_kp/B200/seed2028/20260527_161247_BIKPEvaluation_MPaGE-orig,29,16,13,0.4482758620689655,8.0,,,,0.4482758620689655
mpage_orig,bi_kp,200,2029,27282.01088369319,200.0,200.0,31002.28509510597,10,1,/Users/huyvan/Downloads/GenAIThesis/week7+8+9/MPaGE/mpage_bmab/experiments/results/mpage_orig/bi_kp/B200/seed2029/20260527_170735_BIKPEvaluation_MPaGE-orig,37,17,20,0.5405405405405406,8.5,,,,0.5405405405405406
mpage_orig,bi_kp,25,2025,16618.691763151626,25.0,25.0,25966.705879924426,4,1,/Users/huyvan/Downloads/GenAIThesis/week7+8+9/MPaGE/mpage_bmab/experiments/results/mpage_orig/bi_kp/B25/seed2025/20260526_212958_BIKPEvaluation_MPaGE-orig,9,4,5,0.5555555555555556,16.0,,,,0.5555555555555556
mpage_orig,bi_kp,25,2026,23096.75052358375,25.0,25.0,38494.58420597292,4,1,/Users/huyvan/Downloads/GenAIThesis/week7+8+9/MPaGE/mpage_bmab/experiments/results/mpage_orig/bi_kp/B25/seed2026/20260526_214030_BIKPEvaluation_MPaGE-orig,8,5,3,0.375,20.0,,,,0.375
mpage_orig,bi_kp,25,2027,839.2652299144668,25.0,25.0,2622.703843482709,4,1,/Users/huyvan/Downloads/GenAIThesis/week7+8+9/MPaGE/mpage_bmab/experiments/results/mpage_orig/bi_kp/B25/seed2027/20260526_215117_BIKPEvaluation_MPaGE-orig,13,6,7,0.5384615384615384,24.0,,,,0.5384615384615384
mpage_orig,bi_kp,25,2028,20639.21264703821,25.0,25.0,28665.57312088641,4,1,/Users/huyvan/Downloads/GenAIThesis/week7+8+9/MPaGE/mpage_bmab/experiments/results/mpage_orig/bi_kp/B25/seed2028/20260527_004052_BIKPEvaluation_MPaGE-orig,6,5,1,0.16666666666666666,20.0,,,,0.16666666666666666
mpage_orig,bi_kp,25,2029,19892.898376885372,25.0,25.0,24866.12297110671,4,1,/Users/huyvan/Downloads/GenAIThesis/week7+8+9/MPaGE/mpage_bmab/experiments/results/mpage_orig/bi_kp/B25/seed2029/20260527_004832_BIKPEvaluation_MPaGE-orig,6,4,2,0.3333333333333333,16.0,,,,0.3333333333333333
mpage_orig,bi_kp,50,2025,25140.4524754193,50.0,50.0,33973.58442624228,6,1,/Users/huyvan/Downloads/GenAIThesis/week7+8+9/MPaGE/mpage_bmab/experiments/results/mpage_orig/bi_kp/B50/seed2025/20260527_005803_BIKPEvaluation_MPaGE-orig,11,8,3,0.2727272727272727,16.0,,,,0.2727272727272727
mpage_orig,bi_kp,50,2026,22976.356463535543,50.0,50.0,27352.805313732788,6,1,/Users/huyvan/Downloads/GenAIThesis/week7+8+9/MPaGE/mpage_bmab/experiments/results/mpage_orig/bi_kp/B50/seed2026/20260527_010918_BIKPEvaluation_MPaGE-orig,10,9,1,0.1,18.0,,,,0.1
mpage_orig,bi_kp,50,2027,25705.006336115614,50.0,50.0,37801.47990605239,6,1,/Users/huyvan/Downloads/GenAIThesis/week7+8+9/MPaGE/mpage_bmab/experiments/results/mpage_orig/bi_kp/B50/seed2027/20260527_012136_BIKPEvaluation_MPaGE-orig,11,8,3,0.2727272727272727,16.0,,,,0.2727272727272727
mpage_orig,bi_kp,50,2028,19176.275872708837,50.0,50.0,33062.544608118675,6,1,/Users/huyvan/Downloads/GenAIThesis/week7+8+9/MPaGE/mpage_bmab/experiments/results/mpage_orig/bi_kp/B50/seed2028/20260527_013419_BIKPEvaluation_MPaGE-orig,17,8,9,0.5294117647058824,16.0,,,,0.5294117647058824
mpage_orig,bi_kp,50,2029,12482.417948024762,50.0,50.0,16003.099933365076,6,1,/Users/huyvan/Downloads/GenAIThesis/week7+8+9/MPaGE/mpage_bmab/experiments/results/mpage_orig/bi_kp/B50/seed2029/20260527_112546_BIKPEvaluation_MPaGE-orig,12,6,6,0.5,12.0,,,,0.5
mpage_orig,bi_tsp,100,2025,13360.084874993374,100.0,100.0,15217.68677731296,8,1,/Users/huyvan/Downloads/GenAIThesis/week7+8+9/MPaGE/mpage_bmab/experiments/results/mpage_orig/bi_tsp/B100/seed2025/20260526_004827_BITSPEvaluation_MPaGE-orig,22,18,4,0.18181818181818182,18.0,,,,0.18181818181818182
mpage_orig,bi_tsp,100,2026,12718.52648464754,100.0,100.0,14973.871427775333,8,1,/Users/huyvan/Downloads/GenAIThesis/week7+8+9/MPaGE/mpage_bmab/experiments/results/mpage_orig/bi_tsp/B100/seed2026/20260526_005827_BITSPEvaluation_MPaGE-orig,25,19,6,0.24,19.0,,,,0.24
mpage_orig,bi_tsp,100,2027,13107.871373536815,100.0,100.0,15066.724380929141,8,1,/Users/huyvan/Downloads/GenAIThesis/week7+8+9/MPaGE/mpage_bmab/experiments/results/mpage_orig/bi_tsp/B100/seed2027/20260526_011219_BITSPEvaluation_MPaGE-orig,28,21,7,0.25,21.0,,,,0.25
mpage_orig,bi_tsp,100,2028,13372.299643442253,100.0,100.0,15131.529824596137,8,1,/Users/huyvan/Downloads/GenAIThesis/week7+8+9/MPaGE/mpage_bmab/experiments/results/mpage_orig/bi_tsp/B100/seed2028/20260526_012636_BITSPEvaluation_MPaGE-orig,26,22,4,0.15384615384615385,22.0,,,,0.15384615384615385
mpage_orig,bi_tsp,100,2029,12222.75182259088,100.0,100.0,15093.281807396492,8,1,/Users/huyvan/Downloads/GenAIThesis/week7+8+9/MPaGE/mpage_bmab/experiments/results/mpage_orig/bi_tsp/B100/seed2029/20260526_013811_BITSPEvaluation_MPaGE-orig,26,19,7,0.2692307692307692,19.0,,,,0.2692307692307692
mpage_orig,bi_tsp,200,2025,13956.7595572464,200.0,200.0,15150.614526317624,10,1,/Users/huyvan/Downloads/GenAIThesis/week7+8+9/MPaGE/mpage_bmab/experiments/results/mpage_orig/bi_tsp/B200/seed2025/20260526_015003_BITSPEvaluation_MPaGE-orig,52,39,13,0.25,19.5,,,,0.25
mpage_orig,bi_tsp,200,2026,14199.470137134484,200.0,200.0,15236.99735145164,10,1,/Users/huyvan/Downloads/GenAIThesis/week7+8+9/MPaGE/mpage_bmab/experiments/results/mpage_orig/bi_tsp/B200/seed2026/20260526_021717_BITSPEvaluation_MPaGE-orig,53,39,14,0.2641509433962264,19.5,,,,0.2641509433962264
mpage_orig,bi_tsp,200,2027,12521.066369306596,200.0,200.0,14572.255857112392,10,1,/Users/huyvan/Downloads/GenAIThesis/week7+8+9/MPaGE/mpage_bmab/experiments/results/mpage_orig/bi_tsp/B200/seed2027/20260526_024026_BITSPEvaluation_MPaGE-orig,39,20,19,0.48717948717948717,10.0,,,,0.48717948717948717
mpage_orig,bi_tsp,200,2028,13067.507499553265,200.0,200.0,14996.972597168611,10,1,/Users/huyvan/Downloads/GenAIThesis/week7+8+9/MPaGE/mpage_bmab/experiments/results/mpage_orig/bi_tsp/B200/seed2028/20260526_030401_BITSPEvaluation_MPaGE-orig,42,31,11,0.2619047619047619,15.5,,,,0.2619047619047619
mpage_orig,bi_tsp,200,2029,13568.053931413244,200.0,200.0,15124.715363391148,10,1,/Users/huyvan/Downloads/GenAIThesis/week7+8+9/MPaGE/mpage_bmab/experiments/results/mpage_orig/bi_tsp/B200/seed2029/20260526_032622_BITSPEvaluation_MPaGE-orig,41,31,10,0.24390243902439024,15.5,,,,0.24390243902439024
mpage_orig,bi_tsp,25,2025,11175.53464447517,25.0,25.0,14704.650847993646,4,1,/Users/huyvan/Downloads/GenAIThesis/week7+8+9/MPaGE/mpage_bmab/experiments/results/mpage_orig/bi_tsp/B25/seed2025/20260525_235730_BITSPEvaluation_MPaGE-orig,8,7,1,0.125,28.000000000000004,,,,0.125
mpage_orig,bi_tsp,25,2026,11806.98632579211,25.0,25.0,15542.631497863178,4,1,/Users/huyvan/Downloads/GenAIThesis/week7+8+9/MPaGE/mpage_bmab/experiments/results/mpage_orig/bi_tsp/B25/seed2026/20260526_000053_BITSPEvaluation_MPaGE-orig,11,10,1,0.09090909090909091,40.0,,,,0.09090909090909091
mpage_orig,bi_tsp,25,2027,6654.8555788539825,25.0,25.0,13864.282455945797,4,1,/Users/huyvan/Downloads/GenAIThesis/week7+8+9/MPaGE/mpage_bmab/experiments/results/mpage_orig/bi_tsp/B25/seed2027/20260526_000637_BITSPEvaluation_MPaGE-orig,11,7,4,0.36363636363636365,28.000000000000004,,,,0.36363636363636365
mpage_orig,bi_tsp,25,2028,10248.946206588858,25.0,25.0,15071.979715571846,4,1,/Users/huyvan/Downloads/GenAIThesis/week7+8+9/MPaGE/mpage_bmab/experiments/results/mpage_orig/bi_tsp/B25/seed2028/20260526_001034_BITSPEvaluation_MPaGE-orig,8,7,1,0.125,28.000000000000004,,,,0.125
mpage_orig,bi_tsp,25,2029,9323.334609582285,25.0,25.0,14570.606657378674,4,1,/Users/huyvan/Downloads/GenAIThesis/week7+8+9/MPaGE/mpage_bmab/experiments/results/mpage_orig/bi_tsp/B25/seed2029/20260526_001342_BITSPEvaluation_MPaGE-orig,13,10,3,0.23076923076923078,40.0,,,,0.23076923076923078
mpage_orig,bi_tsp,50,2025,11139.2267463209,50.0,50.0,15053.009116649873,6,1,/Users/huyvan/Downloads/GenAIThesis/week7+8+9/MPaGE/mpage_bmab/experiments/results/mpage_orig/bi_tsp/B50/seed2025/20260526_001711_BITSPEvaluation_MPaGE-orig,13,10,3,0.23076923076923078,20.0,,,,0.23076923076923078
mpage_orig,bi_tsp,50,2026,12329.684131794202,50.0,50.0,15042.920863118195,6,1,/Users/huyvan/Downloads/GenAIThesis/week7+8+9/MPaGE/mpage_bmab/experiments/results/mpage_orig/bi_tsp/B50/seed2026/20260526_002211_BITSPEvaluation_MPaGE-orig,21,15,6,0.2857142857142857,30.0,,,,0.2857142857142857
mpage_orig,bi_tsp,50,2027,10337.05923175995,50.0,50.0,14767.22747394278,6,1,/Users/huyvan/Downloads/GenAIThesis/week7+8+9/MPaGE/mpage_bmab/experiments/results/mpage_orig/bi_tsp/B50/seed2027/20260526_002801_BITSPEvaluation_MPaGE-orig,19,11,8,0.42105263157894735,22.0,,,,0.42105263157894735
mpage_orig,bi_tsp,50,2028,12485.320691468147,50.0,50.0,14517.8147575211,6,1,/Users/huyvan/Downloads/GenAIThesis/week7+8+9/MPaGE/mpage_bmab/experiments/results/mpage_orig/bi_tsp/B50/seed2028/20260526_003555_BITSPEvaluation_MPaGE-orig,10,8,2,0.2,16.0,,,,0.2
mpage_orig,bi_tsp,50,2029,12746.473359704336,50.0,50.0,15176.232657821538,6,1,/Users/huyvan/Downloads/GenAIThesis/week7+8+9/MPaGE/mpage_bmab/experiments/results/mpage_orig/bi_tsp/B50/seed2029/20260526_004235_BITSPEvaluation_MPaGE-orig,17,13,4,0.23529411764705882,26.0,,,,0.23529411764705882
mpage_orig,tri_tsp,100,2025,121860.01227856004,100.0,100.0,206542.39369247438,10,1,/Users/huyvan/Downloads/GenAIThesis/week7+8+9/MPaGE/mpage_bmab/experiments/results/mpage_orig/tri_tsp/B100/seed2025/20260526_062652_TRITSPEvaluation_MPaGE-orig,25,10,15,0.6,10.0,,,,0.6
mpage_orig,tri_tsp,100,2026,167795.37456760957,100.0,100.0,207154.78341680177,10,1,/Users/huyvan/Downloads/GenAIThesis/week7+8+9/MPaGE/mpage_bmab/experiments/results/mpage_orig/tri_tsp/B100/seed2026/20260526_065544_TRITSPEvaluation_MPaGE-orig,23,13,10,0.43478260869565216,13.0,,,,0.43478260869565216
mpage_orig,tri_tsp,100,2027,162288.87889966377,100.0,100.0,208062.66525597955,10,1,/Users/huyvan/Downloads/GenAIThesis/week7+8+9/MPaGE/mpage_bmab/experiments/results/mpage_orig/tri_tsp/B100/seed2027/20260526_071929_TRITSPEvaluation_MPaGE-orig,23,14,9,0.391304347826087,14.000000000000002,,,,0.391304347826087
mpage_orig,tri_tsp,100,2028,166030.63897696315,100.0,100.0,207538.29872120416,10,1,/Users/huyvan/Downloads/GenAIThesis/week7+8+9/MPaGE/mpage_bmab/experiments/results/mpage_orig/tri_tsp/B100/seed2028/20260526_074829_TRITSPEvaluation_MPaGE-orig,17,10,7,0.4117647058823529,10.0,,,,0.4117647058823529
mpage_orig,tri_tsp,100,2029,145258.80155228058,100.0,100.0,207512.57364611502,10,1,/Users/huyvan/Downloads/GenAIThesis/week7+8+9/MPaGE/mpage_bmab/experiments/results/mpage_orig/tri_tsp/B100/seed2029/20260526_081715_TRITSPEvaluation_MPaGE-orig,18,12,6,0.3333333333333333,12.0,,,,0.3333333333333333
mpage_orig,tri_tsp,200,2025,165365.1598219482,200.0,200.0,206706.4497774347,12,1,/Users/huyvan/Downloads/GenAIThesis/week7+8+9/MPaGE/mpage_bmab/experiments/results/mpage_orig/tri_tsp/B200/seed2025/20260526_084754_TRITSPEvaluation_MPaGE-orig,37,17,20,0.5405405405405406,8.5,,,,0.5405405405405406
mpage_orig,tri_tsp,200,2026,164528.8430194459,200.0,200.0,206954.51952131648,12,1,/Users/huyvan/Downloads/GenAIThesis/week7+8+9/MPaGE/mpage_bmab/experiments/results/mpage_orig/tri_tsp/B200/seed2026/20260526_095040_TRITSPEvaluation_MPaGE-orig,35,15,20,0.5714285714285714,7.5,,,,0.5714285714285714
mpage_orig,tri_tsp,200,2027,160630.69644015288,200.0,200.0,207265.41476148798,12,1,/Users/huyvan/Downloads/GenAIThesis/week7+8+9/MPaGE/mpage_bmab/experiments/results/mpage_orig/tri_tsp/B200/seed2027/20260526_104202_TRITSPEvaluation_MPaGE-orig,38,19,19,0.5,9.5,,,,0.5
mpage_orig,tri_tsp,200,2028,169427.68244235116,200.0,200.0,207886.7269231299,12,1,/Users/huyvan/Downloads/GenAIThesis/week7+8+9/MPaGE/mpage_bmab/experiments/results/mpage_orig/tri_tsp/B200/seed2028/20260526_113245_TRITSPEvaluation_MPaGE-orig,29,14,15,0.5172413793103449,7.000000000000001,,,,0.5172413793103449
mpage_orig,tri_tsp,200,2029,165678.61683101635,200.0,200.0,207098.27103876998,12,1,/Users/huyvan/Downloads/GenAIThesis/week7+8+9/MPaGE/mpage_bmab/experiments/results/mpage_orig/tri_tsp/B200/seed2029/20260526_121813_TRITSPEvaluation_MPaGE-orig,30,13,17,0.5666666666666667,6.5,,,,0.5666666666666667
mpage_orig,tri_tsp,25,2025,41610.5987020576,25.0,25.0,208052.993510288,6,1,/Users/huyvan/Downloads/GenAIThesis/week7+8+9/MPaGE/mpage_bmab/experiments/results/mpage_orig/tri_tsp/B25/seed2025/20260526_034743_TRITSPEvaluation_MPaGE-orig,12,6,6,0.5,24.0,,,,0.5
mpage_orig,tri_tsp,25,2026,98954.6115682449,25.0,25.0,206155.44076717686,6,1,/Users/huyvan/Downloads/GenAIThesis/week7+8+9/MPaGE/mpage_bmab/experiments/results/mpage_orig/tri_tsp/B25/seed2026/20260526_040355_TRITSPEvaluation_MPaGE-orig,7,6,1,0.14285714285714285,24.0,,,,0.14285714285714285
mpage_orig,tri_tsp,25,2027,99089.87701185847,25.0,25.0,206437.2437747052,6,1,/Users/huyvan/Downloads/GenAIThesis/week7+8+9/MPaGE/mpage_bmab/experiments/results/mpage_orig/tri_tsp/B25/seed2027/20260526_041544_TRITSPEvaluation_MPaGE-orig,10,6,4,0.4,24.0,,,,0.4
mpage_orig,tri_tsp,25,2028,65983.79026639968,25.0,25.0,206199.34458249898,6,1,/Users/huyvan/Downloads/GenAIThesis/week7+8+9/MPaGE/mpage_bmab/experiments/results/mpage_orig/tri_tsp/B25/seed2028/20260526_042831_TRITSPEvaluation_MPaGE-orig,8,6,2,0.25,24.0,,,,0.25
mpage_orig,tri_tsp,25,2029,132184.39091025144,25.0,25.0,206538.1107972679,6,1,/Users/huyvan/Downloads/GenAIThesis/week7+8+9/MPaGE/mpage_bmab/experiments/results/mpage_orig/tri_tsp/B25/seed2029/20260526_044025_TRITSPEvaluation_MPaGE-orig,7,6,1,0.14285714285714285,24.0,,,,0.14285714285714285
mpage_orig,tri_tsp,50,2025,115820.96062695242,50.0,50.0,206823.14397670078,8,1,/Users/huyvan/Downloads/GenAIThesis/week7+8+9/MPaGE/mpage_bmab/experiments/results/mpage_orig/tri_tsp/B50/seed2025/20260526_045216_TRITSPEvaluation_MPaGE-orig,17,8,9,0.5294117647058824,16.0,,,,0.5294117647058824
mpage_orig,tri_tsp,50,2026,152726.7207356753,50.0,50.0,206387.46045361512,8,1,/Users/huyvan/Downloads/GenAIThesis/week7+8+9/MPaGE/mpage_bmab/experiments/results/mpage_orig/tri_tsp/B50/seed2026/20260526_051607_TRITSPEvaluation_MPaGE-orig,13,9,4,0.3076923076923077,18.0,,,,0.3076923076923077
mpage_orig,tri_tsp,50,2027,136857.17871286935,50.0,50.0,207359.36168616576,8,1,/Users/huyvan/Downloads/GenAIThesis/week7+8+9/MPaGE/mpage_bmab/experiments/results/mpage_orig/tri_tsp/B50/seed2027/20260526_053015_TRITSPEvaluation_MPaGE-orig,13,9,4,0.3076923076923077,18.0,,,,0.3076923076923077
mpage_orig,tri_tsp,50,2028,128287.49845089922,50.0,50.0,206915.3200820956,8,1,/Users/huyvan/Downloads/GenAIThesis/week7+8+9/MPaGE/mpage_bmab/experiments/results/mpage_orig/tri_tsp/B50/seed2028/20260526_054746_TRITSPEvaluation_MPaGE-orig,13,8,5,0.38461538461538464,16.0,,,,0.38461538461538464
mpage_orig,tri_tsp,50,2029,153480.75012444647,50.0,50.0,207406.41908708992,8,1,/Users/huyvan/Downloads/GenAIThesis/week7+8+9/MPaGE/mpage_bmab/experiments/results/mpage_orig/tri_tsp/B50/seed2029/20260526_060732_TRITSPEvaluation_MPaGE-orig,14,12,2,0.14285714285714285,24.0,,,,0.14285714285714285
